Gene,Perturbed_excitatory_count,Unperturbed_excitatory_count,Perturbed_inhibtory_count,Unperturbed_inhibtory_count,excitatory_LogFC,inhibtory_LogFC,Total_cells
Sox17,919,919,1176,1176,0.0,0.0,2153
St18,919,919,1176,1176,0.0,0.0,2153
Mybl1,969,919,1126,1176,0.07643180412604668,-0.0626812327561348,2153
Tcf24,919,919,1176,1176,0.0,0.0,2153
Prdm14,919,919,1176,1176,0.0,0.0,2153
Ncoa2,941,919,1157,1176,0.0341298614395021,-0.023499195728874465,2153
Msc,919,919,1176,1176,0.0,0.0,2153
Terf1,885,919,1209,1176,-0.05438740631867476,0.03992618441275923,2153
Tfap2d,919,919,1176,1176,0.0,0.0,2153
Tfap2b,919,919,1176,1176,0.0,0.0,2153
Arid5a,914,919,1186,1176,-0.00787069623096478,0.012215949709639348,2153
Npas2,919,919,1176,1176,0.0,0.0,2153
Rfx8,919,919,1176,1176,0.0,0.0,2153
Pou3f3,884,919,1212,1176,-0.05601849189760294,0.04350163863658641,2153
Stat4,926,919,1174,1176,0.01094733197120195,-0.0024556517263121347,2153
Stat1,919,919,1176,1176,0.0,0.0,2153
Hsfy2,919,919,1176,1176,0.0,0.0,2153
Satb2,890,919,1198,1176,-0.046259525435274465,0.026739847952421215,2153
Carf,921,919,1174,1176,0.0031362948023009943,-0.0024556517263121347,2153
Klf7,949,919,1152,1176,0.046343225732074764,-0.029747343394052064,2153
Creb1,925,919,1174,1176,0.009388504114640078,-0.0024556517263121347,2153
Ikzf2,919,919,1177,1176,0.0,0.001226260202079849,2153
Fev,919,919,1176,1176,0.0,0.0,2153
Ankzf1,917,919,1178,1176,-0.0031431276939800435,0.002451478994096389,2153
Pax3,919,919,1176,1176,0.0,0.0,2153
Sp110,919,919,1176,1176,0.0,0.0,2153
Sp140,926,919,1169,1176,0.01094733197120195,-0.008613130304708033,2153
Sp100,919,919,1176,1176,0.0,0.0,2153
Gbx2,919,919,1176,1176,0.0,0.0,2153
Hes6,916,919,1176,1176,-0.004717263192090615,0.0,2153
Twist2,919,919,1176,1176,0.0,0.0,2153
Mterf4,880,919,1215,1176,-0.06256133776437492,0.04706825365677887,2153
Thap4,919,919,1176,1176,0.0,0.0,2153
Tfcp2l1,919,919,1176,1176,0.0,0.0,2153
Gli2,941,919,1153,1176,0.0341298614395021,-0.02849554718459253,2153
En1,919,919,1176,1176,0.0,0.0,2153
Elk4,903,919,1186,1176,-0.025338873808176336,0.012215949709639348,2153
Sox13,904,919,1189,1176,-0.02374208887384673,0.015860654909291314,2153
Zbed6,919,919,1176,1176,0.0,0.0,2153
Myog,914,919,1181,1176,-0.00787069623096478,0.006120904560792738,2153
Kdm5b,851,919,1230,1176,-0.11090572960307178,0.06477025539023781,2153
Elf3,919,919,1176,1176,0.0,0.0,2153
Ascl5,919,919,1176,1176,0.0,0.0,2153
Nr5a2,919,919,1177,1176,0.0,0.001226260202079849,2153
Lhx9,849,919,1246,1176,-0.11430030773599602,0.08341600818763747,2153
Zbtb41,926,919,1167,1176,0.01094733197120195,-0.011083499129016334,2153
Lhx4,939,919,1156,1176,0.03106029636473993,-0.024746662335685607,2153
Zbtb37,908,919,1186,1176,-0.01737256399811944,0.012215949709639348,2153
Prrx1,930,919,1168,1176,0.01716585470635916,-0.009847785956347178,2153
Tbx19,919,919,1176,1176,0.0,0.0,2153
Pou2f1,915,919,1180,1176,-0.006293118117629713,0.004898799412839056,2153
Pogk,928,919,1167,1176,0.014059943838537611,-0.011083499129016334,2153
Rxrg,917,919,1178,1176,-0.0031431276939800435,0.002451478994096389,2153
Lmx1a,920,919,1175,1176,0.001568999655340681,-0.00122730338400237,2153
Pbx1,740,919,1348,1176,-0.3125395907727225,0.19693243634549412,2153
Atf6,922,919,1169,1176,0.004701889140303366,-0.008613130304708033,2153
Nr1i3,919,919,1176,1176,0.0,0.0,2153
Usf1,914,919,1179,1176,-0.00787069623096478,0.0036756581433983696,2153
Nhlh1,919,919,1176,1176,0.0,0.0,2153
Zbtb18,788,919,1300,1176,-0.2218692318326583,0.14462356307945248,2153
Smyd3,924,919,1170,1176,0.00782799012702318,-0.007379530365597452,2153
Ahctf1,956,919,1146,1176,0.056945756691714,-0.03728101607945948,2153
Mixl1,919,919,1176,1176,0.0,0.0,2153
Hlx,918,919,1176,1176,-0.0015707078752265138,0.0,2153
Esrrg,919,919,1176,1176,0.0,0.0,2153
Prox1,910,919,1185,1176,-0.014198316202975882,0.010998998949257108,2153
Batf3,918,919,1177,1176,-0.0015707078752265138,0.001226260202079849,2153
Atf3,908,919,1187,1176,-0.01737256399811944,0.013431874805542431,2153
Irf6,919,919,1176,1176,0.0,0.0,2153
Gata3,924,919,1171,1176,0.00782799012702318,-0.006146984335149348,2153
Kin,920,919,1177,1176,0.001568999655340681,0.001226260202079849,2153
Ptf1a,919,919,1176,1176,0.0,0.0,2153
Tbpl2,919,919,1176,1176,0.0,0.0,2153
Pax8,919,919,1176,1176,0.0,0.0,2153
Sohlh1,919,919,1176,1176,0.0,0.0,2153
Nacc2,917,919,1170,1176,-0.0031431276939800435,-0.007379530365597452,2153
Lhx3,919,919,1176,1176,0.0,0.0,2153
Snapc4,917,919,1178,1176,-0.0031431276939800435,0.002451478994096389,2153
Rexo4,928,919,1167,1176,0.014059943838537611,-0.011083499129016334,2153
Rxra,916,919,1179,1176,-0.004717263192090615,0.0036756581433983696,2153
Gfi1b,919,919,1176,1176,0.0,0.0,2153
Barhl1,919,919,1176,1176,0.0,0.0,2153
Ttf1,906,919,1190,1176,-0.020553811242799425,0.017073513358941406,2153
Prrx2,907,919,1179,1176,-0.018962310760512108,0.0036756581433983696,2153
Prdm12,925,919,1174,1176,0.009388504114640078,-0.0024556517263121347,2153
Naif1,922,919,1173,1176,0.004701889140303366,-0.0036850468078558985,2153
Zbtb34,909,919,1186,1176,-0.01578456709492736,0.012215949709639348,2153
Zbtb43,921,919,1174,1176,0.0031362948023009943,-0.0024556517263121347,2153
Lmx1b,919,919,1176,1176,0.0,0.0,2153
Pbx3,975,919,1121,1176,0.08533735734793843,-0.06910178203093767,2153
Phf19,914,919,1175,1176,-0.00787069623096478,-0.00122730338400237,2153
Lhx6,919,919,1176,1176,0.0,0.0,2153
Zbtb6,923,919,1171,1176,0.006265786356739574,-0.006146984335149348,2153
Zbtb26,940,919,1155,1176,0.0325958952759651,-0.025995208532944576,2153
Lhx2,771,919,1328,1176,-0.25333400137400014,0.17536708651056024,2153
Nr5a1,919,919,1176,1176,0.0,0.0,2153
Nr6a1,929,919,1165,1176,0.015613735093618356,-0.013558105294721786,2153
Zeb2,878,919,1218,1176,-0.06584392175367626,0.05062607306996814,2153
Nr4a2,992,919,1108,1176,0.11027525909784062,-0.08593017878717599,2153
Baz2b,940,919,1149,1176,0.0325958952759651,-0.033509262190251125,2153
Tbr1,918,919,1177,1176,-0.0015707078752265138,0.001226260202079849,2153
Csrnp3,926,919,1169,1176,0.01094733197120195,-0.008613130304708033,2153
Sp5,918,919,1177,1176,-0.0015707078752265138,0.001226260202079849,2153
Dlx1,975,919,1117,1176,0.08533735734793843,-0.07425887435304958,2153
Dlx2,953,919,1142,1176,0.052411352620907445,-0.04232540947352158,2153
Sp3,907,919,1198,1176,-0.018962310760512108,0.026739847952421215,2153
Sp9,937,919,1158,1176,0.027984186370152316,-0.02225280684712774,2153
Atf2,934,919,1160,1176,0.023357688420627503,-0.01976325482142995,2153
Evx2,919,919,1176,1176,0.0,0.0,2153
Hoxd13,919,919,1176,1176,0.0,0.0,2153
Hoxd12,919,919,1176,1176,0.0,0.0,2153
Hoxd11,919,919,1176,1176,0.0,0.0,2153
Hoxd10,919,919,1176,1176,0.0,0.0,2153
Hoxd9,919,919,1176,1176,0.0,0.0,2153
Hoxd8,919,919,1176,1176,0.0,0.0,2153
Hoxd3,919,919,1176,1176,0.0,0.0,2153
Hoxd4,919,919,1176,1176,0.0,0.0,2153
Hoxd1,919,919,1176,1176,0.0,0.0,2153
Nfe2l2,928,919,1167,1176,0.014059943838537611,-0.011083499129016334,2153
Neurod1,919,919,1176,1176,0.0,0.0,2153
Spi1,919,919,1176,1176,0.0,0.0,2153
Nr1h3,920,919,1175,1176,0.001568999655340681,-0.00122730338400237,2153
Creb3l1,914,919,1181,1176,-0.00787069623096478,0.006120904560792738,2153
Phf21a,939,919,1157,1176,0.03106029636473993,-0.023499195728874465,2153
Alx4,919,919,1176,1176,0.0,0.0,2153
Rag1,919,919,1176,1176,0.0,0.0,2153
Ehf,919,919,1176,1176,0.0,0.0,2153
Elf5,919,919,1176,1176,0.0,0.0,2153
Wt1,919,919,1176,1176,0.0,0.0,2153
Pax6,1067,919,1044,1176,0.2154234095353905,-0.17176634826647993,2153
Meis2,1042,919,1079,1176,0.18121851098947372,-0.12419319534834748,2153
Mga,910,919,1187,1176,-0.014198316202975882,0.013431874805542431,2153
Zscan29,917,919,1176,1176,-0.0031431276939800435,0.0,2153
Kcnip3,908,919,1183,1176,-0.01737256399811944,0.008562013503424,2153
Zc3h8,909,919,1187,1176,-0.01578456709492736,0.013431874805542431,2153
Ebf4,922,919,1172,1176,0.004701889140303366,-0.004915490414116527,2153
Cenpb,888,919,1195,1176,-0.04950518493892853,0.023122558031746652,2153
Ovol2,919,919,1176,1176,0.0,0.0,2153
Insm1,916,919,1180,1176,-0.004717263192090615,0.004898799412839056,2153
Nkx2-4,919,919,1176,1176,0.0,0.0,2153
Nkx2-2,920,919,1175,1176,0.001568999655340681,-0.00122730338400237,2153
Pax1,919,919,1176,1176,0.0,0.0,2153
Foxa2,919,919,1176,1176,0.0,0.0,2153
Gzf1,926,919,1167,1176,0.01094733197120195,-0.011083499129016334,2153
Vsx1,919,919,1176,1176,0.0,0.0,2153
Scrt2,914,919,1176,1176,-0.00787069623096478,0.0,2153
Tcf15,917,919,1178,1176,-0.0031431276939800435,0.002451478994096389,2153
Rbck1,938,919,1155,1176,0.029523061226341987,-0.025995208532944576,2153
Sox12,935,919,1163,1176,0.024901503485964566,-0.01603696336314608,2153
Foxs1,919,919,1176,1176,0.0,0.0,2153
Plagl2,931,919,1162,1176,0.018716306269759092,-0.01727799143183547,2153
E2f1,930,919,1164,1176,0.01716585470635916,-0.014797001928080552,2153
Phf20,926,919,1170,1176,0.01094733197120195,-0.007379530365597452,2153
Tgif2,904,919,1191,1176,-0.02374208887384673,0.018285353027749553,2153
Mafb,871,919,1219,1176,-0.07739214269016993,0.05181006578384752,2153
Zhx3,911,919,1185,1176,-0.0126138074869838,0.010998998949257108,2153
L3mbtl1,920,919,1175,1176,0.001568999655340681,-0.00122730338400237,2153
Mybl2,984,919,1112,1176,0.09859345405020525,-0.08073127211285688,2153
Hnf4a,919,919,1176,1176,0.0,0.0,2153
Rbpjl,919,919,1176,1176,0.0,0.0,2153
Dnttip1,889,919,1197,1176,-0.047881442459264574,0.025535092107137478,2153
Ncoa3,921,919,1171,1176,0.0031362948023009943,-0.006146984335149348,2153
Snai1,919,919,1176,1176,0.0,0.0,2153
Cebpb,914,919,1181,1176,-0.00787069623096478,0.006120904560792738,2153
Adnp,913,919,1189,1176,-0.009450001304812432,0.015860654909291314,2153
Nfatc2,914,919,1180,1176,-0.00787069623096478,0.004898799412839056,2153
Sall4,922,919,1177,1176,0.004701889140303366,0.001226260202079849,2153
Zfp64,883,919,1212,1176,-0.057651423640568474,0.04350163863658641,2153
Tshz2,912,919,1182,1176,-0.011031037124292894,0.007341975341167981,2153
Tfap2c,918,919,1181,1176,-0.0015707078752265138,0.006120904560792738,2153
Ctcfl,919,919,1176,1176,0.0,0.0,2153
Gata5,919,919,1176,1176,0.0,0.0,2153
Tcfl5,919,919,1176,1176,0.0,0.0,2153
Bhlhe23,919,919,1176,1176,0.0,0.0,2153
Gmeb2,915,919,1180,1176,-0.006293118117629713,0.004898799412839056,2153
Zgpat,913,919,1177,1176,-0.009450001304812432,0.001226260202079849,2153
Zbtb46,925,919,1170,1176,0.009388504114640078,-0.007379530365597452,2153
Sox18,919,919,1176,1176,0.0,0.0,2153
Myt1,913,919,1182,1176,-0.009450001304812432,0.007341975341167981,2153
Hnf4g,922,919,1173,1176,0.004701889140303366,-0.0036850468078558985,2153
Zfhx4,830,919,1266,1176,-0.14695352505474737,0.1063893445919768,2153
Hey1,828,919,1268,1176,-0.15043409378970934,0.10866668530304281,2153
Zbtb10,923,919,1170,1176,0.006265786356739574,-0.007379530365597452,2153
E2f5,866,919,1237,1176,-0.08569783656230959,0.07295744014000528,2153
Bhlhe22,919,919,1176,1176,0.0,0.0,2153
Mecom,918,919,1177,1176,-0.0015707078752265138,0.001226260202079849,2153
Mynn,922,919,1172,1176,0.004701889140303366,-0.004915490414116527,2153
Skil,912,919,1181,1176,-0.011031037124292894,0.006120904560792738,2153
Sox2,1110,919,983,1176,0.2724229099484339,-0.25862473849578377,2153
Elf2,935,919,1160,1176,0.024901503485964566,-0.01976325482142995,2153
Foxo1,913,919,1181,1176,-0.009450001304812432,0.006120904560792738,2153
Smad9,919,919,1176,1176,0.0,0.0,2153
Sohlh2,919,919,1176,1176,0.0,0.0,2153
Shox2,919,919,1176,1176,0.0,0.0,2153
Tigd4,919,919,1176,1176,0.0,0.0,2153
Etv3,914,919,1182,1176,-0.00787069623096478,0.007341975341167981,2153
ETV3L,919,919,1176,1176,0.0,0.0,2153
Mef2d,917,919,1175,1176,-0.0031431276939800435,-0.00122730338400237,2153
Glmp,906,919,1190,1176,-0.020553811242799425,0.017073513358941406,2153
Ash1l,978,919,1126,1176,0.08976960366319932,-0.0626812327561348,2153
Zbtb7b,916,919,1179,1176,-0.004717263192090615,0.0036756581433983696,2153
Creb3l4,919,919,1176,1176,0.0,0.0,2153
Gatad2b,910,919,1183,1176,-0.014198316202975882,0.008562013503424,2153
Rorc,919,919,1176,1176,0.0,0.0,2153
Rfx5,917,919,1175,1176,-0.0031431276939800435,-0.00122730338400237,2153
Setdb1,923,919,1178,1176,0.006265786356739574,0.002451478994096389,2153
Arnt,903,919,1189,1176,-0.025338873808176336,0.015860654909291314,2153
Tbx15,913,919,1182,1176,-0.009450001304812432,0.007341975341167981,2153
Nhlh2,919,919,1176,1176,0.0,0.0,2153
Alx3,919,919,1176,1176,0.0,0.0,2153
Neurog2,815,919,1277,1176,-0.1732648021705947,0.11887046486635944,2153
Pitx2,919,919,1176,1176,0.0,0.0,2153
Lef1,893,919,1200,1176,-0.041404686167811657,0.02914634565951651,2153
Tet2,857,919,1233,1176,-0.10076965717653465,0.0682847395664748,2153
Cxxc4,933,919,1163,1176,0.02181221956272435,-0.01603696336314608,2153
Nfkb1,866,919,1231,1176,-0.08569783656230959,0.06594270164809297,2153
Gtf2b,919,919,1172,1176,0.0,-0.004915490414116527,2153
Zzz3,951,919,1156,1176,0.049380479571529044,-0.024746662335685607,2153
Lhx8,919,919,1176,1176,0.0,0.0,2153
Plag1,909,919,1182,1176,-0.01578456709492736,0.007341975341167981,2153
Prdm13,919,919,1176,1176,0.0,0.0,2153
Pou3f2,810,919,1289,1176,-0.1821429535170475,0.13236420352528647,2153
Bach2,917,919,1188,1176,-0.0031431276939800435,0.014646775964401263,2153
Topors,864,919,1233,1176,-0.08903354912556588,0.0682847395664748,2153
Nfx1,926,919,1170,1176,0.01094733197120195,-0.007379530365597452,2153
Arid3c,919,919,1176,1176,0.0,0.0,2153
Creb3,919,919,1173,1176,0.0,-0.0036850468078558985,2153
Pax5,919,919,1176,1176,0.0,0.0,2153
Zbtb5,910,919,1186,1176,-0.014198316202975882,0.012215949709639348,2153
Xpa,909,919,1193,1176,-0.01578456709492736,0.020705982858863693,2153
Foxe1,919,919,1176,1176,0.0,0.0,2153
Nr4a3,920,919,1175,1176,0.001568999655340681,-0.00122730338400237,2153
Msantd3,872,919,1221,1176,-0.0757367265121082,0.05417514015103876,2153
Tal2,919,919,1176,1176,0.0,0.0,2153
Klf4,911,919,1184,1176,-0.0126138074869838,0.009781020792585396,2153
Zfp37,920,919,1175,1176,0.001568999655340681,-0.00122730338400237,2153
Akna,907,919,1188,1176,-0.018962310760512108,0.014646775964401263,2153
Nfib,506,919,1589,1176,-0.8609274765947242,0.43423106451215476,2153
Bnc2,916,919,1179,1176,-0.004717263192090615,0.0036756581433983696,2153
Dmrta1,922,919,1174,1176,0.004701889140303366,-0.0024556517263121347,2153
Mysm1,893,919,1204,1176,-0.041404686167811657,0.03394733192333753,2153
Jun,895,919,1197,1176,-0.03817717913741566,0.025535092107137478,2153
Nfia,668,919,1431,1176,-0.4602167588149823,0.2831356118903033,2153
Foxd3,919,919,1176,1176,0.0,0.0,2153
Glis1,919,919,1176,1176,0.0,0.0,2153
Dmrtb1,918,919,1177,1176,-0.0015707078752265138,0.001226260202079849,2153
Dmrta2,889,919,1213,1176,-0.047881442459264574,0.044691490284145804,2153
Foxd2,917,919,1178,1176,-0.0031431276939800435,0.002451478994096389,2153
Foxe3,919,919,1176,1176,0.0,0.0,2153
Tal1,918,919,1177,1176,-0.0015707078752265138,0.001226260202079849,2153
Dmbx1,919,919,1176,1176,0.0,0.0,2153
Gpbp1l1,898,919,1194,1176,-0.0333494165478876,0.021914776428440728,2153
Ccdc17,920,919,1176,1176,0.001568999655340681,0.0,2153
Klf17,919,919,1176,1176,0.0,0.0,2153
Ybx1,1250,919,866,1176,0.4437913282604148,-0.44144913010963954,2153
Foxj3,913,919,1184,1176,-0.009450001304812432,0.009781020792585396,2153
Hivep3,918,919,1177,1176,-0.0015707078752265138,0.001226260202079849,2153
Foxo6,910,919,1186,1176,-0.014198316202975882,0.012215949709639348,2153
Scmh1,950,919,1156,1176,0.047862651929275836,-0.024746662335685607,2153
Nfyc,916,919,1179,1176,-0.004717263192090615,0.0036756581433983696,2153
Zfp69,925,919,1170,1176,0.009388504114640078,-0.007379530365597452,2153
Rlf,890,919,1207,1176,-0.046259525435274465,0.03753761591865707,2153
Mycl,915,919,1185,1176,-0.006293118117629713,0.010998998949257108,2153
Heyl,917,919,1178,1176,-0.0031431276939800435,0.002451478994096389,2153
Pou3f1,877,919,1218,1176,-0.06748801884430153,0.05062607306996814,2153
Mtf1,918,919,1178,1176,-0.0015707078752265138,0.002451478994096389,2153
Tfap2e,919,919,1176,1176,0.0,0.0,2153
Zscan20,926,919,1169,1176,0.01094733197120195,-0.008613130304708033,2153
Zbtb8a,918,919,1176,1176,-0.0015707078752265138,0.0,2153
Zbtb8b,919,919,1176,1176,0.0,0.0,2153
Gmeb1,920,919,1172,1176,0.001568999655340681,-0.004915490414116527,2153
Ahdc1,917,919,1176,1176,-0.0031431276939800435,0.0,2153
Lin28a,919,919,1176,1176,0.0,0.0,2153
Runx3,919,919,1176,1176,0.0,0.0,2153
Grhl3,919,919,1176,1176,0.0,0.0,2153
E2f2,962,919,1133,1176,0.06597203248100748,-0.05374019901584877,2153
Zbtb40,918,919,1177,1176,-0.0015707078752265138,0.001226260202079849,2153
Pax7,919,919,1176,1176,0.0,0.0,2153
Zbtb17,931,919,1164,1176,0.018716306269759092,-0.014797001928080552,2153
Spen,929,919,1171,1176,0.015613735093618356,-0.006146984335149348,2153
Prdm2,902,919,1183,1176,-0.02693742803365358,0.008562013503424,2153
Casz1,920,919,1175,1176,0.001568999655340681,-0.00122730338400237,2153
Cenps,938,919,1158,1176,0.029523061226341987,-0.02225280684712774,2153
Camta1,911,919,1190,1176,-0.0126138074869838,0.017073513358941406,2153
Thap3,934,919,1159,1176,0.023357688420627503,-0.021007493829892688,2153
Zbtb48,919,919,1176,1176,0.0,0.0,2153
Hes2,919,919,1176,1176,0.0,0.0,2153
Hes3,919,919,1176,1176,0.0,0.0,2153
Prdm16,896,919,1194,1176,-0.036566129231430364,0.021914776428440728,2153
Hes5,932,919,1160,1176,0.020265093365245585,-0.01976325482142995,2153
Ski,909,919,1184,1176,-0.01578456709492736,0.009781020792585396,2153
Dmtf1,894,919,1199,1176,-0.03979003010571681,0.02794359857785921,2153
Gbx1,919,919,1176,1176,0.0,0.0,2153
En2,919,919,1176,1176,0.0,0.0,2153
Mnx1,919,919,1176,1176,0.0,0.0,2153
Cenpa,978,919,1120,1176,0.08976960366319932,-0.07038932789139801,2153
Preb,873,919,1223,1176,-0.07408320765959438,0.05653634369102227,2153
Tcf23,919,919,1176,1176,0.0,0.0,2153
Fosl2,919,919,1176,1176,0.0,0.0,2153
Nkx1-1,919,919,1176,1176,0.0,0.0,2153
Mxd4,877,919,1216,1176,-0.06748801884430153,0.04825516860722115,2153
Msantd1,920,919,1175,1176,0.001568999655340681,-0.00122730338400237,2153
Hmx1,919,919,1176,1176,0.0,0.0,2153
Msx1,912,919,1183,1176,-0.011031037124292894,0.008562013503424,2153
Zbtb49,917,919,1178,1176,-0.0031431276939800435,0.002451478994096389,2153
Nkx3-2,919,919,1176,1176,0.0,0.0,2153
Lcorl,918,919,1182,1176,-0.0015707078752265138,0.007341975341167981,2153
Rbpj,945,919,1152,1176,0.04024946781940051,-0.029747343394052064,2153
Klf3,850,919,1240,1176,-0.11260202026397045,0.07645206043787324,2153
Phox2b,919,919,1176,1176,0.0,0.0,2153
Nfxl1,935,919,1165,1176,0.024901503485964566,-0.013558105294721786,2153
Gsx2,918,919,1176,1176,-0.0015707078752265138,0.0,2153
Clock,915,919,1175,1176,-0.006293118117629713,-0.00122730338400237,2153
Rest,932,919,1165,1176,0.020265093365245585,-0.013558105294721786,2153
Prdm8,919,919,1176,1176,0.0,0.0,2153
Lin54,909,919,1189,1176,-0.01578456709492736,0.015860654909291314,2153
Nkx6-1,919,919,1176,1176,0.0,0.0,2153
Barhl2,919,919,1176,1176,0.0,0.0,2153
Gfi1,919,919,1176,1176,0.0,0.0,2153
Mtf2,932,919,1159,1176,0.020265093365245585,-0.021007493829892688,2153
Dr1,895,919,1191,1176,-0.03817717913741566,0.018285353027749553,2153
Foxn4,919,919,1176,1176,0.0,0.0,2153
Hnf1a,919,919,1176,1176,0.0,0.0,2153
Tbx3,919,919,1176,1176,0.0,0.0,2153
Tbx5,919,919,1176,1176,0.0,0.0,2153
Lhx5,919,919,1176,1176,0.0,0.0,2153
Trafd1,918,919,1173,1176,-0.0015707078752265138,-0.0036850468078558985,2153
Cux2,924,919,1171,1176,0.00782799012702318,-0.006146984335149348,2153
Kdm2b,898,919,1200,1176,-0.0333494165478876,0.02914634565951651,2153
Mlxip,928,919,1171,1176,0.014059943838537611,-0.006146984335149348,2153
Zbed5,916,919,1179,1176,-0.004717263192090615,0.0036756581433983696,2153
Gtf2ird2,925,919,1169,1176,0.009388504114640078,-0.008613130304708033,2153
Gtf2i,917,919,1174,1176,-0.0031431276939800435,-0.0024556517263121347,2153
Gtf2ird1,922,919,1173,1176,0.004701889140303366,-0.0036850468078558985,2153
Mlxipl,920,919,1175,1176,0.001568999655340681,-0.00122730338400237,2153
Cux1,960,919,1138,1176,0.06296954431948414,-0.04738750252978244,2153
Zkscan1,913,919,1175,1176,-0.009450001304812432,-0.00122730338400237,2153
Zscan21,910,919,1186,1176,-0.014198316202975882,0.012215949709639348,2153
Uncx,835,919,1260,1176,-0.13828866392761993,0.09953567355091437,2153
Mafk,921,919,1174,1176,0.0031362948023009943,-0.0024556517263121347,2153
Foxk1,904,919,1189,1176,-0.02374208887384673,0.015860654909291314,2153
Rbak,914,919,1183,1176,-0.00787069623096478,0.008562013503424,2153
Bhlha15,919,919,1176,1176,0.0,0.0,2153
Zkscan5,932,919,1163,1176,0.020265093365245585,-0.01603696336314608,2153
Zscan25,926,919,1168,1176,0.01094733197120195,-0.009847785956347178,2153
Gtf3a,960,919,1140,1176,0.06296954431948414,-0.04485423578426042,2153
Gsx1,919,919,1176,1176,0.0,0.0,2153
Pdx1,926,919,1169,1176,0.01094733197120195,-0.008613130304708033,2153
Cdx2,919,919,1176,1176,0.0,0.0,2153
Dlx6,942,919,1156,1176,0.035662198323748805,-0.024746662335685607,2153
Dlx5,936,919,1159,1176,0.026443668294370042,-0.021007493829892688,2153
Foxp2,843,919,1257,1176,-0.12453223034695218,0.09609658958414352,2153
Tfec,919,919,1176,1176,0.0,0.0,2153
Fezf1,919,919,1176,1176,0.0,0.0,2153
Pax4,919,919,1176,1176,0.0,0.0,2153
Irf5,918,919,1177,1176,-0.0015707078752265138,0.001226260202079849,2153
Nrf1,933,919,1166,1176,0.02181221956272435,-0.012320271635867894,2153
Klf14,919,919,1176,1176,0.0,0.0,2153
Chchd3,975,919,1124,1176,0.08533735734793843,-0.06524602461543837,2153
Creb3l2,910,919,1185,1176,-0.014198316202975882,0.010998998949257108,2153
Nobox,919,919,1176,1176,0.0,0.0,2153
Repin1,921,919,1171,1176,0.0031362948023009943,-0.006146984335149348,2153
Nfe2l3,919,919,1176,1176,0.0,0.0,2153
Hoxa1,919,919,1176,1176,0.0,0.0,2153
Hoxa2,919,919,1176,1176,0.0,0.0,2153
Hoxa3,919,919,1176,1176,0.0,0.0,2153
Hoxa4,919,919,1176,1176,0.0,0.0,2153
Hoxa5,919,919,1176,1176,0.0,0.0,2153
Hoxa6,919,919,1176,1176,0.0,0.0,2153
Hoxa7,919,919,1176,1176,0.0,0.0,2153
Hoxa9,919,919,1176,1176,0.0,0.0,2153
Hoxa10,919,919,1176,1176,0.0,0.0,2153
Hoxa11,919,919,1176,1176,0.0,0.0,2153
Hoxa13,919,919,1176,1176,0.0,0.0,2153
Evx1,919,919,1176,1176,0.0,0.0,2153
Jazf1,902,919,1191,1176,-0.02693742803365358,0.018285353027749553,2153
Creb5,770,919,1332,1176,-0.25520641570677083,0.1797060222348978,2153
Neurod6,744,919,1345,1176,-0.3047622401810032,0.19371811260762203,2153
Tigd2,912,919,1183,1176,-0.011031037124292894,0.008562013503424,2153
Atoh1,919,919,1176,1176,0.0,0.0,2153
Prdm5,920,919,1174,1176,0.001568999655340681,-0.0024556517263121347,2153
Foxi3,919,919,1176,1176,0.0,0.0,2153
Atoh8,915,919,1180,1176,-0.006293118117629713,0.004898799412839056,2153
Tcf7l1,912,919,1178,1176,-0.011031037124292894,0.002451478994096389,2153
Kcmf1,834,919,1262,1176,-0.14001747784437085,0.10182385014618464,2153
Tlx2,919,919,1176,1176,0.0,0.0,2153
Lbx2,919,919,1176,1176,0.0,0.0,2153
Tet3,923,919,1173,1176,0.006265786356739574,-0.0036850468078558985,2153
Vax2,919,919,1176,1176,0.0,0.0,2153
Emx1,854,919,1229,1176,-0.10582879166854416,0.06359685553629721,2153
Noto,919,919,1176,1176,0.0,0.0,2153
Egr4,919,919,1176,1176,0.0,0.0,2153
Figla,919,919,1176,1176,0.0,0.0,2153
Mxd1,914,919,1178,1176,-0.00787069623096478,0.002451478994096389,2153
Gata2,919,919,1176,1176,0.0,0.0,2153
Zxdc,919,919,1174,1176,0.0,-0.0024556517263121347,2153
Klf15,922,919,1173,1176,0.004701889140303366,-0.0036850468078558985,2153
Nr2c2,928,919,1165,1176,0.014059943838537611,-0.013558105294721786,2153
Rbsn,914,919,1183,1176,-0.00787069623096478,0.008562013503424,2153
Tmf1,918,919,1177,1176,-0.0015707078752265138,0.001226260202079849,2153
Mitf,914,919,1181,1176,-0.00787069623096478,0.006120904560792738,2153
Foxp1,845,919,1238,1176,-0.12111352011948787,0.07412325437790025,2153
Bhlhe40,914,919,1186,1176,-0.00787069623096478,0.012215949709639348,2153
Pparg,919,919,1176,1176,0.0,0.0,2153
Mbd4,933,919,1167,1176,0.02181221956272435,-0.011083499129016334,2153
Nanog,919,919,1176,1176,0.0,0.0,2153
Foxj2,918,919,1177,1176,-0.0015707078752265138,0.001226260202079849,2153
Tead4,919,919,1176,1176,0.0,0.0,2153
Foxm1,942,919,1157,1176,0.035662198323748805,-0.023499195728874465,2153
Ybx3,871,919,1207,1176,-0.07739214269016993,0.03753761591865707,2153
Etv6,920,919,1172,1176,0.001568999655340681,-0.004915490414116527,2153
Crebl2,926,919,1169,1176,0.01094733197120195,-0.008613130304708033,2153
Aebp2,918,919,1176,1176,-0.0015707078752265138,0.0,2153
Sox5,720,919,1365,1176,-0.3520679549593598,0.2150128909708505,2153
Bhlhe41,918,919,1177,1176,-0.0015707078752265138,0.001226260202079849,2153
Arntl2,920,919,1175,1176,0.001568999655340681,-0.00122730338400237,2153
Fiz1,922,919,1176,1176,0.004701889140303366,0.0,2153
Zscan5b,919,919,1176,1176,0.0,0.0,2153
Zfp28,924,919,1170,1176,0.00782799012702318,-0.007379530365597452,2153
Zim2,919,919,1176,1176,0.0,0.0,2153
Peg3,912,919,1185,1176,-0.011031037124292894,0.010998998949257108,2153
Zim3,919,919,1176,1176,0.0,0.0,2153
Zik1,923,919,1172,1176,0.006265786356739574,-0.004915490414116527,2153
Zscan18,928,919,1168,1176,0.014059943838537611,-0.009847785956347178,2153
Zscan22,920,919,1175,1176,0.001568999655340681,-0.00122730338400237,2153
Zbtb45,917,919,1176,1176,-0.0031431276939800435,0.0,2153
Mzf1,929,919,1166,1176,0.015613735093618356,-0.012320271635867894,2153
Crx,919,919,1176,1176,0.0,0.0,2153
Meis3,920,919,1175,1176,0.001568999655340681,-0.00122730338400237,2153
Npas1,919,919,1176,1176,0.0,0.0,2153
Arhgap35,915,919,1189,1176,-0.006293118117629713,0.015860654909291314,2153
Hif3a,920,919,1176,1176,0.001568999655340681,0.0,2153
Mypop,916,919,1178,1176,-0.004717263192090615,0.002451478994096389,2153
Foxa3,919,919,1176,1176,0.0,0.0,2153
Six5,919,919,1176,1176,0.0,0.0,2153
Fosb,904,919,1191,1176,-0.02374208887384673,0.018285353027749553,2153
Relb,919,919,1176,1176,0.0,0.0,2153
Dmrtc2,919,919,1176,1176,0.0,0.0,2153
Pou2f2,920,919,1169,1176,0.001568999655340681,-0.008613130304708033,2153
Erf,912,919,1192,1176,-0.011031037124292894,0.019496175625797196,2153
Cic,846,919,1245,1176,-0.11940719816908485,0.08225768211907886,2153
Dpf1,919,919,1176,1176,0.0,0.0,2153
Zfp30,919,919,1176,1176,0.0,0.0,2153
Zfp14,918,919,1176,1176,-0.0015707078752265138,0.0,2153
Zfp82,920,919,1175,1176,0.001568999655340681,-0.00122730338400237,2153
Ovol3,919,919,1176,1176,0.0,0.0,2153
Thap8,919,919,1176,1176,0.0,0.0,2153
Kmt2b,920,919,1173,1176,0.001568999655340681,-0.0036850468078558985,2153
Zbtb32,919,919,1176,1176,0.0,0.0,2153
Etv2,919,919,1176,1176,0.0,0.0,2153
Usf2,934,919,1161,1176,0.023357688420627503,-0.018520087970797895,2153
Cebpg,902,919,1193,1176,-0.02693742803365358,0.020705982858863693,2153
Cebpa,919,919,1176,1176,0.0,0.0,2153
Tshz3,918,919,1177,1176,-0.0015707078752265138,0.001226260202079849,2153
Spib,919,919,1176,1176,0.0,0.0,2153
Nr1h2,925,919,1169,1176,0.009388504114640078,-0.008613130304708033,2153
Atf5,925,919,1169,1176,0.009388504114640078,-0.008613130304708033,2153
Irf3,916,919,1176,1176,-0.004717263192090615,0.0,2153
Prr12,914,919,1178,1176,-0.00787069623096478,0.002451478994096389,2153
Tead2,938,919,1152,1176,0.029523061226341987,-0.029747343394052064,2153
Dbp,921,919,1173,1176,0.0031362948023009943,-0.0036850468078558985,2153
Myod1,924,919,1171,1176,0.00782799012702318,-0.006146984335149348,2153
E2f8,944,919,1160,1176,0.03872199807280681,-0.01976325482142995,2153
Dbx1,919,919,1176,1176,0.0,0.0,2153
Prmt3,913,919,1180,1176,-0.009450001304812432,0.004898799412839056,2153
Klf13,957,919,1140,1176,0.05845406319699096,-0.04485423578426042,2153
Mef2a,895,919,1190,1176,-0.03817717913741566,0.017073513358941406,2153
Nr2f2,901,919,1193,1176,-0.0285377554754959,0.020705982858863693,2153
Mesp1,919,919,1176,1176,0.0,0.0,2153
Mesp2,919,919,1176,1176,0.0,0.0,2153
Zscan2,919,919,1175,1176,0.0,-0.00122730338400237,2153
Cpeb1,919,919,1176,1176,0.0,0.0,2153
Bnc1,919,919,1176,1176,0.0,0.0,2153
Arnt2,930,919,1170,1176,0.01716585470635916,-0.007379530365597452,2153
Crebzf,848,919,1241,1176,-0.1160005967258353,0.07761505529399236,2153
Thap12,921,919,1170,1176,0.0031362948023009943,-0.007379530365597452,2153
Phox2a,919,919,1176,1176,0.0,0.0,2153
Ascl3,919,919,1176,1176,0.0,0.0,2153
Tead1,925,919,1176,1176,0.009388504114640078,0.0,2153
Arntl,909,919,1181,1176,-0.01578456709492736,0.006120904560792738,2153
Sox6,901,919,1186,1176,-0.0285377554754959,0.012215949709639348,2153
Zkscan2,919,919,1176,1176,0.0,0.0,2153
Tbx6,919,919,1176,1176,0.0,0.0,2153
Maz,904,919,1189,1176,-0.02374208887384673,0.015860654909291314,2153
Srcap,874,919,1220,1176,-0.0724315817884361,0.052993087613884125,2153
Fbxl19,923,919,1175,1176,0.006265786356739574,-0.00122730338400237,2153
Ikzf5,940,919,1150,1176,0.0325958952759651,-0.03225419900462678,2153
Hmx3,919,919,1176,1176,0.0,0.0,2153
Hmx2,919,919,1176,1176,0.0,0.0,2153
Nkx1-2,919,919,1176,1176,0.0,0.0,2153
Foxi2,919,919,1176,1176,0.0,0.0,2153
Ebf3,919,919,1176,1176,0.0,0.0,2153
Nkx6-2,918,919,1177,1176,-0.0015707078752265138,0.001226260202079849,2153
Irf7,919,919,1176,1176,0.0,0.0,2153
Deaf1,916,919,1178,1176,-0.004717263192090615,0.002451478994096389,2153
Ascl2,919,919,1176,1176,0.0,0.0,2153
Snapc2,910,919,1184,1176,-0.014198316202975882,0.009781020792585396,2153
Sox1,960,919,1130,1176,0.06296954431948414,-0.05756528753381431,2153
Tfdp1,922,919,1173,1176,0.004701889140303366,-0.0036850468078558985,2153
Champ1,903,919,1191,1176,-0.025338873808176336,0.018285353027749553,2153
Nkx6-3,919,919,1176,1176,0.0,0.0,2153
Zmat4,919,919,1176,1176,0.0,0.0,2153
Thap1,923,919,1173,1176,0.006265786356739574,-0.0036850468078558985,2153
Brf2,928,919,1167,1176,0.014059943838537611,-0.011083499129016334,2153
Purg,900,919,1196,1176,-0.0301398600719974,0.024329329361740502,2153
Zfp42,919,919,1176,1176,0.0,0.0,2153
Helt,935,919,1160,1176,0.024901503485964566,-0.01976325482142995,2153
Irf2,904,919,1180,1176,-0.02374208887384673,0.004898799412839056,2153
Hand2,919,919,1176,1176,0.0,0.0,2153
Pbx4,935,919,1167,1176,0.024901503485964566,-0.011083499129016334,2153
Gatad2a,915,919,1178,1176,-0.006293118117629713,0.002451478994096389,2153
Mef2b,918,919,1177,1176,-0.0015707078752265138,0.001226260202079849,2153
Jund,912,919,1184,1176,-0.011031037124292894,0.009781020792585396,2153
Nr2f6,903,919,1194,1176,-0.025338873808176336,0.021914776428440728,2153
Klf2,919,919,1172,1176,0.0,-0.004915490414116527,2153
Isx,919,919,1176,1176,0.0,0.0,2153
Nr3c2,918,919,1177,1176,-0.0015707078752265138,0.001226260202079849,2153
Pou4f2,919,919,1176,1176,0.0,0.0,2153
Smad1,930,919,1177,1176,0.01716585470635916,0.001226260202079849,2153
Rfx1,906,919,1189,1176,-0.020553811242799425,0.015860654909291314,2153
Cc2d1a,927,919,1168,1176,0.01250447733649627,-0.009847785956347178,2153
Nfix,841,919,1257,1176,-0.12795906103389032,0.09609658958414352,2153
Lyl1,919,919,1176,1176,0.0,0.0,2153
Klf1,921,919,1175,1176,0.0031362948023009943,-0.00122730338400237,2153
Junb,918,919,1177,1176,-0.0015707078752265138,0.001226260202079849,2153
Sall1,953,919,1150,1176,0.052411352620907445,-0.03225419900462678,2153
Irx3,919,919,1176,1176,0.0,0.0,2153
Irx5,915,919,1180,1176,-0.006293118117629713,0.004898799412839056,2153
Irx6,919,919,1176,1176,0.0,0.0,2153
Terb1,920,919,1175,1176,0.001568999655340681,-0.00122730338400237,2153
Hsf4,919,919,1176,1176,0.0,0.0,2153
E2f4,925,919,1170,1176,0.009388504114640078,-0.007379530365597452,2153
Ctcf,930,919,1173,1176,0.01716585470635916,-0.0036850468078558985,2153
Cenpt,983,919,1110,1176,0.09712655505154603,-0.08332838359889609,2153
Thap11,896,919,1198,1176,-0.036566129231430364,0.026739847952421215,2153
Nfatc3,936,919,1166,1176,0.026443668294370042,-0.012320271635867894,2153
Zfp90,915,919,1180,1176,-0.006293118117629713,0.004898799412839056,2153
Terf2,929,919,1169,1176,0.015613735093618356,-0.008613130304708033,2153
Nfat5,914,919,1177,1176,-0.00787069623096478,0.001226260202079849,2153
Zfhx3,943,919,1153,1176,0.03719290938606215,-0.02849554718459253,2153
Zfp1,941,919,1156,1176,0.0341298614395021,-0.024746662335685607,2153
Maf,916,919,1179,1176,-0.004717263192090615,0.0036756581433983696,2153
Atmin,913,919,1182,1176,-0.009450001304812432,0.007341975341167981,2153
Irf8,946,919,1149,1176,0.04177532205036067,-0.033509262190251125,2153
Foxf1,919,919,1176,1176,0.0,0.0,2153
Foxc2,919,919,1176,1176,0.0,0.0,2153
Foxl1,919,919,1176,1176,0.0,0.0,2153
Zfpm1,918,919,1177,1176,-0.0015707078752265138,0.001226260202079849,2153
Snai3,919,919,1176,1176,0.0,0.0,2153
Msantd4,929,919,1166,1176,0.015613735093618356,-0.012320271635867894,2153
Pgr,919,919,1176,1176,0.0,0.0,2153
Jrkl,919,919,1176,1176,0.0,0.0,2153
Pin1,907,919,1189,1176,-0.018962310760512108,0.015860654909291314,2153
Dnmt1,937,919,1159,1176,0.027984186370152316,-0.021007493829892688,2153
Zglp1,919,919,1176,1176,0.0,0.0,2153
Tbx20,919,919,1176,1176,0.0,0.0,2153
Thyn1,902,919,1188,1176,-0.02693742803365358,0.014646775964401263,2153
Zbtb44,904,919,1189,1176,-0.02374208887384673,0.015860654909291314,2153
Prdm10,921,919,1171,1176,0.0031362948023009943,-0.006146984335149348,2153
Barx2,919,919,1176,1176,0.0,0.0,2153
Fli1,919,919,1176,1176,0.0,0.0,2153
Ets1,919,919,1176,1176,0.0,0.0,2153
Pknox2,910,919,1190,1176,-0.014198316202975882,0.017073513358941406,2153
Bsx,919,919,1176,1176,0.0,0.0,2153
Pou2f3,918,919,1178,1176,-0.0015707078752265138,0.002451478994096389,2153
Hinfp,930,919,1165,1176,0.01716585470635916,-0.013558105294721786,2153
Foxr1,919,919,1176,1176,0.0,0.0,2153
Kmt2a,951,919,1147,1176,0.049380479571529044,-0.036022668820539484,2153
Zbtb16,919,919,1176,1176,0.0,0.0,2153
Pou2af1,919,919,1176,1176,0.0,0.0,2153
Isl2,919,919,1176,1176,0.0,0.0,2153
Hmg20a,915,919,1179,1176,-0.006293118117629713,0.0036756581433983696,2153
Arid3b,919,919,1176,1176,0.0,0.0,2153
Nr2e3,918,919,1177,1176,-0.0015707078752265138,0.001226260202079849,2153
Skor1,919,919,1176,1176,0.0,0.0,2153
Smad3,912,919,1179,1176,-0.011031037124292894,0.0036756581433983696,2153
Snapc5,882,919,1212,1176,-0.05928620573151386,0.04350163863658641,2153
Rora,912,919,1187,1176,-0.011031037124292894,0.013431874805542431,2153
Foxb1,919,919,1176,1176,0.0,0.0,2153
Tcf12,811,919,1277,1176,-0.18036294707176143,0.11887046486635944,2153
Rfx7,931,919,1161,1176,0.018716306269759092,-0.018520087970797895,2153
Onecut1,919,919,1176,1176,0.0,0.0,2153
Gcm1,919,919,1176,1176,0.0,0.0,2153
Hmgn3,778,919,1312,1176,-0.24029470630284258,0.15787965978171917,2153
Tbx18,919,919,1176,1176,0.0,0.0,2153
Zic1,927,919,1170,1176,0.01250447733649627,-0.007379530365597452,2153
Zic4,916,919,1178,1176,-0.004717263192090615,0.002451478994096389,2153
Plscr1,915,919,1180,1176,-0.006293118117629713,0.004898799412839056,2153
Tfdp2,913,919,1182,1176,-0.009450001304812432,0.007341975341167981,2153
Zbtb38,916,919,1180,1176,-0.004717263192090615,0.004898799412839056,2153
Foxl2,919,919,1176,1176,0.0,0.0,2153
Sox14,919,919,1176,1176,0.0,0.0,2153
Ltf,919,919,1176,1176,0.0,0.0,2153
Ubp1,914,919,1177,1176,-0.00787069623096478,0.001226260202079849,2153
Eomes,845,919,1245,1176,-0.12111352011948787,0.08225768211907886,2153
Csrnp1,919,919,1176,1176,0.0,0.0,2153
Zkscan7,918,919,1178,1176,-0.0015707078752265138,0.002451478994096389,2153
Zbtb2,929,919,1166,1176,0.015613735093618356,-0.012320271635867894,2153
Esr1,919,919,1176,1176,0.0,0.0,2153
Plagl1,869,919,1230,1176,-0.08070868447463427,0.06477025539023781,2153
Hivep2,907,919,1187,1176,-0.018962310760512108,0.013431874805542431,2153
Olig3,919,919,1176,1176,0.0,0.0,2153
Myb,921,919,1174,1176,0.0031362948023009943,-0.0024556517263121347,2153
Tbpl1,955,919,1145,1176,0.05543587163407651,-0.03854046185205811,2153
Tcf21,919,919,1176,1176,0.0,0.0,2153
L3mbtl3,936,919,1159,1176,0.026443668294370042,-0.021007493829892688,2153
Hey2,923,919,1172,1176,0.006265786356739574,-0.004915490414116527,2153
Zbtb24,904,919,1190,1176,-0.02374208887384673,0.017073513358941406,2153
Foxo3,913,919,1182,1176,-0.009450001304812432,0.007341975341167981,2153
Nr2e1,878,919,1217,1176,-0.06584392175367626,0.04944110787736407,2153
Scml4,919,919,1176,1176,0.0,0.0,2153
Prdm1,919,919,1176,1176,0.0,0.0,2153
Lin28b,918,919,1177,1176,-0.0015707078752265138,0.001226260202079849,2153
Sim1,919,919,1176,1176,0.0,0.0,2153
Rfx6,919,919,1176,1176,0.0,0.0,2153
Hsf2,909,919,1184,1176,-0.01578456709492736,0.009781020792585396,2153
Neurog3,919,919,1176,1176,0.0,0.0,2153
Tet1,931,919,1160,1176,0.018716306269759092,-0.01976325482142995,2153
Atoh7,918,919,1177,1176,-0.0015707078752265138,0.001226260202079849,2153
Egr2,919,919,1176,1176,0.0,0.0,2153
Arid5b,901,919,1184,1176,-0.0285377554754959,0.009781020792585396,2153
Aire,919,919,1176,1176,0.0,0.0,2153
Arid3a,918,919,1177,1176,-0.0015707078752265138,0.001226260202079849,2153
Mbd3,842,919,1250,1176,-0.12624462822263835,0.08804003471308486,2153
Tcf3,898,919,1194,1176,-0.0333494165478876,0.021914776428440728,2153
Onecut3,919,919,1176,1176,0.0,0.0,2153
Klf16,919,919,1176,1176,0.0,0.0,2153
Dot1l,874,919,1219,1176,-0.0724315817884361,0.05181006578384752,2153
Creb3l3,919,919,1176,1176,0.0,0.0,2153
Zbtb7a,920,919,1176,1176,0.001568999655340681,0.0,2153
Hmg20b,889,919,1207,1176,-0.047881442459264574,0.03753761591865707,2153
Nfic,939,919,1158,1176,0.03106029636473993,-0.02225280684712774,2153
Nfyb,836,919,1249,1176,-0.1365619192081518,0.08688541677159309,2153
Rfx4,861,919,1240,1176,-0.09405162389219049,0.07645206043787324,2153
Mterf2,935,919,1160,1176,0.024901503485964566,-0.01976325482142995,2153
Prdm4,920,919,1180,1176,0.001568999655340681,0.004898799412839056,2153
Ascl4,920,919,1176,1176,0.001568999655340681,0.0,2153
Ascl1,932,919,1163,1176,0.020265093365245585,-0.01603696336314608,2153
Spic,919,919,1176,1176,0.0,0.0,2153
Nr1h4,919,919,1176,1176,0.0,0.0,2153
Elk3,938,919,1157,1176,0.029523061226341987,-0.023499195728874465,2153
Nr2c1,920,919,1175,1176,0.001568999655340681,-0.00122730338400237,2153
Eea1,928,919,1168,1176,0.014059943838537611,-0.009847785956347178,2153
Alx1,919,919,1176,1176,0.0,0.0,2153
Myf5,919,919,1176,1176,0.0,0.0,2153
Myf6,919,919,1176,1176,0.0,0.0,2153
E2f7,914,919,1179,1176,-0.00787069623096478,0.0036756581433983696,2153
Thap2,936,919,1169,1176,0.026443668294370042,-0.008613130304708033,2153
Myrfl,919,919,1176,1176,0.0,0.0,2153
Hmga2,944,919,1152,1176,0.03872199807280681,-0.029747343394052064,2153
Mbd6,916,919,1179,1176,-0.004717263192090615,0.0036756581433983696,2153
Ddit3,904,919,1183,1176,-0.02374208887384673,0.008562013503424,2153
Gli1,920,919,1177,1176,0.001568999655340681,0.001226260202079849,2153
Stat6,919,919,1176,1176,0.0,0.0,2153
Zbtb39,938,919,1157,1176,0.029523061226341987,-0.023499195728874465,2153
Baz2a,848,919,1248,1176,-0.1160005967258353,0.08572987402588403,2153
Stat2,923,919,1175,1176,0.006265786356739574,-0.00122730338400237,2153
Pa2g4,919,919,1183,1176,0.0,0.008562013503424,2153
Ikzf4,920,919,1173,1176,0.001568999655340681,-0.0036850468078558985,2153
Neurod4,919,919,1176,1176,0.0,0.0,2153
Patz1,938,919,1150,1176,0.029523061226341987,-0.03225419900462678,2153
Xbp1,926,919,1169,1176,0.01094733197120195,-0.008613130304708033,2153
Aebp1,918,919,1177,1176,-0.0015707078752265138,0.001226260202079849,2153
Purb,951,919,1148,1176,0.049380479571529044,-0.03476541816067664,2153
Ikzf1,933,919,1178,1176,0.02181221956272435,0.002451478994096389,2153
Meis1,939,919,1155,1176,0.03106029636473993,-0.025995208532944576,2153
Otx1,887,919,1202,1176,-0.05113075698797058,0.03154883587482115,2153
Rel,919,919,1176,1176,0.0,0.0,2153
Bcl11a,941,919,1164,1176,0.0341298614395021,-0.014797001928080552,2153
Tlx3,919,919,1176,1176,0.0,0.0,2153
Foxi1,919,919,1176,1176,0.0,0.0,2153
Ebf1,919,919,1176,1176,0.0,0.0,2153
Sox30,919,919,1176,1176,0.0,0.0,2153
Zfp62,918,919,1178,1176,-0.0015707078752265138,0.002451478994096389,2153
Zfp2,924,919,1170,1176,0.00782799012702318,-0.007379530365597452,2153
Prop1,919,919,1176,1176,0.0,0.0,2153
Tcf7,920,919,1175,1176,0.001568999655340681,-0.00122730338400237,2153
Irf1,919,919,1176,1176,0.0,0.0,2153
Hand1,919,919,1176,1176,0.0,0.0,2153
Srebf1,912,919,1180,1176,-0.011031037124292894,0.004898799412839056,2153
Hes7,919,919,1177,1176,0.0,0.001226260202079849,2153
Sox15,919,919,1176,1176,0.0,0.0,2153
Zbtb4,920,919,1175,1176,0.001568999655340681,-0.00122730338400237,2153
Ybx2,920,919,1175,1176,0.001568999655340681,-0.00122730338400237,2153
Bcl6b,919,919,1176,1176,0.0,0.0,2153
Camta2,918,919,1176,1176,-0.0015707078752265138,0.0,2153
Zfp3,918,919,1179,1176,-0.0015707078752265138,0.0036756581433983696,2153
Mnt,868,919,1227,1176,-0.08236981884455526,0.06124718882654048,2153
Sgsm2,919,919,1175,1176,0.0,-0.00122730338400237,2153
Hic1,919,919,1176,1176,0.0,0.0,2153
Bhlha9,919,919,1176,1176,0.0,0.0,2153
Foxn1,919,919,1176,1176,0.0,0.0,2153
Sebox,919,919,1176,1176,0.0,0.0,2153
Hnf1b,919,919,1176,1176,0.0,0.0,2153
Lhx1,919,919,1176,1176,0.0,0.0,2153
Tbx2,919,919,1176,1176,0.0,0.0,2153
Tbx4,919,919,1176,1176,0.0,0.0,2153
Hsf5,920,919,1176,1176,0.001568999655340681,0.0,2153
Vezf1,932,919,1160,1176,0.020265093365245585,-0.01976325482142995,2153
Hlf,918,919,1177,1176,-0.0015707078752265138,0.001226260202079849,2153
Nme2,854,919,1229,1176,-0.10582879166854416,0.06359685553629721,2153
Dlx3,919,919,1176,1176,0.0,0.0,2153
Dlx4,919,919,1176,1176,0.0,0.0,2153
Kat7,891,919,1204,1176,-0.04463942976711246,0.03394733192333753,2153
Hoxb13,919,919,1176,1176,0.0,0.0,2153
Hoxb9,919,919,1176,1176,0.0,0.0,2153
Hoxb8,919,919,1176,1176,0.0,0.0,2153
Hoxb7,919,919,1176,1176,0.0,0.0,2153
Hoxb6,919,919,1176,1176,0.0,0.0,2153
Hoxb5,919,919,1176,1176,0.0,0.0,2153
Hoxb4,919,919,1176,1176,0.0,0.0,2153
Hoxb3,919,919,1176,1176,0.0,0.0,2153
Hoxb2,919,919,1176,1176,0.0,0.0,2153
Hoxb1,919,919,1176,1176,0.0,0.0,2153
Nfe2l1,890,919,1199,1176,-0.046259525435274465,0.02794359857785921,2153
Sp2,937,919,1164,1176,0.027984186370152316,-0.014797001928080552,2153
Sp6,919,919,1176,1176,0.0,0.0,2153
Tbx21,925,919,1169,1176,0.009388504114640078,-0.008613130304708033,2153
Pcgf2,913,919,1182,1176,-0.009450001304812432,0.007341975341167981,2153
Neurod2,854,919,1241,1176,-0.10582879166854416,0.07761505529399236,2153
Ikzf3,919,919,1176,1176,0.0,0.0,2153
Thra,907,919,1197,1176,-0.018962310760512108,0.025535092107137478,2153
Nr1d1,919,919,1176,1176,0.0,0.0,2153
Rara,921,919,1174,1176,0.0031362948023009943,-0.0024556517263121347,2153
Stat5b,850,919,1245,1176,-0.11260202026397045,0.08225768211907886,2153
Stat5a,919,919,1176,1176,0.0,0.0,2153
Stat3,879,919,1213,1176,-0.06420169614563043,0.044691490284145804,2153
Mlx,916,919,1181,1176,-0.004717263192090615,0.006120904560792738,2153
Etv4,901,919,1194,1176,-0.0285377554754959,0.021914776428440728,2153
Meox1,919,919,1176,1176,0.0,0.0,2153
Bptf,849,919,1238,1176,-0.11430030773599602,0.07412325437790025,2153
Sox9,828,919,1261,1176,-0.15043409378970934,0.10068021549185543,2153
Foxj1,909,919,1188,1176,-0.01578456709492736,0.014646775964401263,2153
Cbx2,917,919,1177,1176,-0.0031431276939800435,0.001226260202079849,2153
Mafg,907,919,1189,1176,-0.018962310760512108,0.015860654909291314,2153
Cenpx,1016,919,1092,1176,0.14476363548313137,-0.1069152039165119,2153
Foxk2,937,919,1157,1176,0.027984186370152316,-0.023499195728874465,2153
Ncoa1,929,919,1164,1176,0.015613735093618356,-0.014797001928080552,2153
Osr1,919,919,1176,1176,0.0,0.0,2153
Msgn1,919,919,1176,1176,0.0,0.0,2153
Mycn,896,919,1205,1176,-0.036566129231430364,0.03514508628095949,2153
E2f6,909,919,1185,1176,-0.01578456709492736,0.010998998949257108,2153
Grhl1,918,919,1177,1176,-0.0015707078752265138,0.001226260202079849,2153
Klf11,916,919,1179,1176,-0.004717263192090615,0.0036756581433983696,2153
Sox11,626,919,1461,1176,-0.553902204356416,0.3130681179671339,2153
Myt1l,900,919,1195,1176,-0.0301398600719974,0.023122558031746652,2153
Hbp1,892,919,1203,1176,-0.04302115136872975,0.032748582339712236,2153
Ferd3l,919,919,1176,1176,0.0,0.0,2153
Twist1,919,919,1176,1176,0.0,0.0,2153
Ahr,919,919,1181,1176,0.0,0.006120904560792738,2153
Meox2,919,919,1176,1176,0.0,0.0,2153
Etv1,938,919,1161,1176,0.029523061226341987,-0.018520087970797895,2153
Foxg1,881,919,1221,1176,-0.06092284236862094,0.05417514015103876,2153
Npas3,934,919,1165,1176,0.023357688420627503,-0.013558105294721786,2153
Insm2,919,919,1176,1176,0.0,0.0,2153
Nkx2-1,917,919,1178,1176,-0.0031431276939800435,0.002451478994096389,2153
Pax9,918,919,1177,1176,-0.0015707078752265138,0.001226260202079849,2153
Foxa1,919,919,1176,1176,0.0,0.0,2153
Six6,919,919,1176,1176,0.0,0.0,2153
Six1,914,919,1181,1176,-0.00787069623096478,0.006120904560792738,2153
Six4,919,919,1176,1176,0.0,0.0,2153
Hif1a,850,919,1243,1176,-0.11260202026397045,0.07993823621612046,2153
Esr2,918,919,1177,1176,-0.0015707078752265138,0.001226260202079849,2153
Zbtb25,929,919,1166,1176,0.015613735093618356,-0.012320271635867894,2153
Zbtb1,922,919,1174,1176,0.004701889140303366,-0.0024556517263121347,2153
Max,910,919,1185,1176,-0.014198316202975882,0.010998998949257108,2153
Dpf3,923,919,1172,1176,0.006265786356739574,-0.004915490414116527,2153
Vsx2,919,919,1176,1176,0.0,0.0,2153
Prox2,925,919,1170,1176,0.009388504114640078,-0.007379530365597452,2153
Fos,920,919,1174,1176,0.001568999655340681,-0.0024556517263121347,2153
Jdp2,910,919,1187,1176,-0.014198316202975882,0.013431874805542431,2153
Batf,919,919,1176,1176,0.0,0.0,2153
Esrrb,919,919,1176,1176,0.0,0.0,2153
Foxn3,926,919,1169,1176,0.01094733197120195,-0.008613130304708033,2153
Gsc,919,919,1176,1176,0.0,0.0,2153
Bcl11b,917,919,1178,1176,-0.0031431276939800435,0.002451478994096389,2153
Yy1,935,919,1165,1176,0.024901503485964566,-0.013558105294721786,2153
Zbtb42,921,919,1176,1176,0.0031362948023009943,0.0,2153
Sp4,934,919,1167,1176,0.023357688420627503,-0.011083499129016334,2153
Sp8,927,919,1169,1176,0.01250447733649627,-0.008613130304708033,2153
Klf6,906,919,1196,1176,-0.020553811242799425,0.024329329361740502,2153
Gli3,824,919,1270,1176,-0.15742052410581622,0.11094043682316385,2153
Pou6f2,919,919,1176,1176,0.0,0.0,2153
Zscan12,913,919,1182,1176,-0.009450001304812432,0.007341975341167981,2153
Zkscan3,886,919,1204,1176,-0.05275816273401611,0.03394733192333753,2153
Zscan26,911,919,1184,1176,-0.0126138074869838,0.009781020792585396,2153
Zkscan4,914,919,1181,1176,-0.00787069623096478,0.006120904560792738,2153
Zkscan8,920,919,1175,1176,0.001568999655340681,-0.00122730338400237,2153
Sox4,770,919,1340,1176,-0.25520641570677083,0.18834494050877043,2153
E2f3,907,919,1190,1176,-0.018962310760512108,0.017073513358941406,2153
Irf4,919,919,1176,1176,0.0,0.0,2153
Foxq1,919,919,1176,1176,0.0,0.0,2153
Foxf2,919,919,1176,1176,0.0,0.0,2153
Foxc1,919,919,1176,1176,0.0,0.0,2153
Rreb1,914,919,1181,1176,-0.00787069623096478,0.006120904560792738,2153
Tfap2a,920,919,1176,1176,0.001568999655340681,0.0,2153
Gcm2,919,919,1176,1176,0.0,0.0,2153
Hivep1,931,919,1148,1176,0.018716306269759092,-0.03476541816067664,2153
Barx1,919,919,1176,1176,0.0,0.0,2153
Nfil3,934,919,1161,1176,0.023357688420627503,-0.018520087970797895,2153
Msx2,919,919,1176,1176,0.0,0.0,2153
Mxd3,930,919,1169,1176,0.01716585470635916,-0.008613130304708033,2153
Pitx1,919,919,1176,1176,0.0,0.0,2153
Neurog1,877,919,1218,1176,-0.06748801884430153,0.05062607306996814,2153
Smad5,920,919,1182,1176,0.001568999655340681,0.007341975341167981,2153
Mterf3,905,919,1191,1176,-0.02214706931846677,0.018285353027749553,2153
Irx1,919,919,1176,1176,0.0,0.0,2153
Irx2,919,919,1176,1176,0.0,0.0,2153
Irx4,919,919,1176,1176,0.0,0.0,2153
Ahrr,918,919,1177,1176,-0.0015707078752265138,0.001226260202079849,2153
Pou5f2,913,919,1182,1176,-0.009450001304812432,0.007341975341167981,2153
Nr2f1,886,919,1210,1176,-0.05275816273401611,0.04111898732559258,2153
Mef2c,895,919,1197,1176,-0.03817717913741566,0.025535092107137478,2153
Spz1,919,919,1176,1176,0.0,0.0,2153
Otp,919,919,1176,1176,0.0,0.0,2153
Zbed3,929,919,1168,1176,0.015613735093618356,-0.009847785956347178,2153
Foxd1,919,919,1176,1176,0.0,0.0,2153
Gpbp1,904,919,1184,1176,-0.02374208887384673,0.009781020792585396,2153
Isl1,939,919,1156,1176,0.03106029636473993,-0.024746662335685607,2153
Fezf2,912,919,1185,1176,-0.011031037124292894,0.010998998949257108,2153
Rarb,921,919,1174,1176,0.0031362948023009943,-0.0024556517263121347,2153
Thrb,919,919,1176,1176,0.0,0.0,2153
Nr1d2,913,919,1180,1176,-0.009450001304812432,0.004898799412839056,2153
Hesx1,919,919,1176,1176,0.0,0.0,2153
Otx2,919,919,1175,1176,0.0,-0.00122730338400237,2153
Sall2,889,919,1201,1176,-0.047881442459264574,0.03034809086926977,2153
Cebpe,919,919,1176,1176,0.0,0.0,2153
Homez,917,919,1178,1176,-0.0031431276939800435,0.002451478994096389,2153
Zfhx2,917,919,1178,1176,-0.0031431276939800435,0.002451478994096389,2153
Nrl,919,919,1176,1176,0.0,0.0,2153
Irf9,920,919,1174,1176,0.001568999655340681,-0.0024556517263121347,2153
Nfatc4,936,919,1160,1176,0.026443668294370042,-0.01976325482142995,2153
Setdb2,919,919,1176,1176,0.0,0.0,2153
Gata4,918,919,1177,1176,-0.0015707078752265138,0.001226260202079849,2153
Sox7,919,919,1176,1176,0.0,0.0,2153
Hmbox1,891,919,1205,1176,-0.04463942976711246,0.03514508628095949,2153
Ebf2,920,919,1175,1176,0.001568999655340681,-0.00122730338400237,2153
Nkx2-6,919,919,1176,1176,0.0,0.0,2153
Nkx3-1,919,919,1176,1176,0.0,0.0,2153
Egr3,919,919,1176,1176,0.0,0.0,2153
Tsc22d1,997,919,1106,1176,0.11752864310916147,-0.08853667460165737,2153
Elf1,898,919,1197,1176,-0.0333494165478876,0.025535092107137478,2153
Dach1,855,919,1232,1176,-0.10414044151577422,0.06711419585853703,2153
Klf5,929,919,1166,1176,0.015613735093618356,-0.012320271635867894,2153
Klf12,918,919,1181,1176,-0.0015707078752265138,0.006120904560792738,2153
Pou4f1,919,919,1176,1176,0.0,0.0,2153
Sox21,956,919,1138,1176,0.056945756691714,-0.04738750252978244,2153
Dzip1,925,919,1169,1176,0.009388504114640078,-0.008613130304708033,2153
Mbnl2,941,919,1162,1176,0.0341298614395021,-0.01727799143183547,2153
Zic5,922,919,1178,1176,0.004701889140303366,0.002451478994096389,2153
Zic2,913,919,1182,1176,-0.009450001304812432,0.007341975341167981,2153
Osr2,919,919,1176,1176,0.0,0.0,2153
Grhl2,918,919,1177,1176,-0.0015707078752265138,0.001226260202079849,2153
Klf10,920,919,1171,1176,0.001568999655340681,-0.006146984335149348,2153
Zfpm2,913,919,1186,1176,-0.009450001304812432,0.012215949709639348,2153
Trps1,897,919,1194,1176,-0.034956876369773286,0.021914776428440728,2153
Zhx2,913,919,1191,1176,-0.009450001304812432,0.018285353027749553,2153
Zhx1,852,919,1228,1176,-0.10921143106319622,0.0624225005338149,2153
Myc,917,919,1178,1176,-0.0031431276939800435,0.002451478994096389,2153
Zfat,918,919,1177,1176,-0.0015707078752265138,0.001226260202079849,2153
Jrk,919,919,1176,1176,0.0,0.0,2153
Zfp41,906,919,1189,1176,-0.020553811242799425,0.015860654909291314,2153
Mafa,919,919,1176,1176,0.0,0.0,2153
Tigd5,919,919,1176,1176,0.0,0.0,2153
Scx,918,919,1177,1176,-0.0015707078752265138,0.001226260202079849,2153
Hsf1,937,919,1158,1176,0.027984186370152316,-0.02225280684712774,2153
Scrt1,920,919,1175,1176,0.001568999655340681,-0.00122730338400237,2153
Foxh1,919,919,1176,1176,0.0,0.0,2153
Sox10,914,919,1181,1176,-0.00787069623096478,0.006120904560792738,2153
Maff,920,919,1175,1176,0.001568999655340681,-0.00122730338400237,2153
Atf4,927,919,1162,1176,0.01250447733649627,-0.01727799143183547,2153
Tef,922,919,1173,1176,0.004701889140303366,-0.0036850468078558985,2153
Srebf2,922,919,1171,1176,0.004701889140303366,-0.006146984335149348,2153
Tcf20,902,919,1193,1176,-0.02693742803365358,0.020705982858863693,2153
Ppara,913,919,1182,1176,-0.009450001304812432,0.007341975341167981,2153
Zbed4,923,919,1170,1176,0.006265786356739574,-0.007379530365597452,2153
Dbx2,919,919,1176,1176,0.0,0.0,2153
Arid2,866,919,1232,1176,-0.08569783656230959,0.06711419585853703,2153
Vdr,919,919,1176,1176,0.0,0.0,2153
Atf1,913,919,1189,1176,-0.009450001304812432,0.015860654909291314,2153
Csrnp2,918,919,1176,1176,-0.0015707078752265138,0.0,2153
Tfcp2,910,919,1183,1176,-0.014198316202975882,0.008562013503424,2153
Pou6f1,923,919,1170,1176,0.006265786356739574,-0.007379530365597452,2153
Nr4a1,919,919,1176,1176,0.0,0.0,2153
Rarg,920,919,1175,1176,0.001568999655340681,-0.00122730338400237,2153
Sp7,919,919,1176,1176,0.0,0.0,2153
Sp1,938,919,1165,1176,0.029523061226341987,-0.013558105294721786,2153
Atf7,915,919,1180,1176,-0.006293118117629713,0.004898799412839056,2153
Hoxc13,919,919,1176,1176,0.0,0.0,2153
Hoxc12,919,919,1176,1176,0.0,0.0,2153
Hoxc11,919,919,1176,1176,0.0,0.0,2153
Hoxc10,919,919,1176,1176,0.0,0.0,2153
Hoxc5,919,919,1176,1176,0.0,0.0,2153
Hoxc9,919,919,1176,1176,0.0,0.0,2153
Hoxc8,919,919,1176,1176,0.0,0.0,2153
Hoxc6,919,919,1176,1176,0.0,0.0,2153
Hoxc4,919,919,1176,1176,0.0,0.0,2153
Nfe2,919,919,1176,1176,0.0,0.0,2153
Tfap4,893,919,1198,1176,-0.041404686167811657,0.026739847952421215,2153
Glis2,924,919,1170,1176,0.00782799012702318,-0.007379530365597452,2153
Glyr1,917,919,1181,1176,-0.0031431276939800435,0.006120904560792738,2153
Snai2,919,919,1175,1176,0.0,-0.00122730338400237,2153
Cebpd,919,919,1176,1176,0.0,0.0,2153
Hic2,902,919,1193,1176,-0.02693742803365358,0.020705982858863693,2153
Thap7,919,919,1176,1176,0.0,0.0,2153
Gsc2,919,919,1176,1176,0.0,0.0,2153
Tbx1,919,919,1176,1176,0.0,0.0,2153
Etv5,919,919,1174,1176,0.0,-0.0024556517263121347,2153
Bcl6,919,919,1176,1176,0.0,0.0,2153
Hes1,865,919,1233,1176,-0.08736472876494748,0.0682847395664748,2153
Nr1i2,920,919,1176,1176,0.001568999655340681,0.0,2153
Zbtb20,884,919,1208,1176,-0.05601849189760294,0.03873239448871455,2153
Usf3,905,919,1188,1176,-0.02214706931846677,0.014646775964401263,2153
Bbx,863,919,1225,1176,-0.09070430211007954,0.058893689053568614,2153
Zbtb11,914,919,1181,1176,-0.00787069623096478,0.006120904560792738,2153
Cggbp1,933,919,1158,1176,0.02181221956272435,-0.02225280684712774,2153
Pou1f1,919,919,1176,1176,0.0,0.0,2153
Gabpa,913,919,1179,1176,-0.009450001304812432,0.0036756581433983696,2153
Bach1,912,919,1181,1176,-0.011031037124292894,0.006120904560792738,2153
Olig2,923,919,1170,1176,0.006265786356739574,-0.007379530365597452,2153
Olig1,917,919,1178,1176,-0.0031431276939800435,0.002451478994096389,2153
Son,855,919,1246,1176,-0.10414044151577422,0.08341600818763747,2153
Runx1,919,919,1176,1176,0.0,0.0,2153
Sim2,919,919,1176,1176,0.0,0.0,2153
Erg,919,919,1176,1176,0.0,0.0,2153
Ets2,918,919,1177,1176,-0.0015707078752265138,0.001226260202079849,2153
Prdm15,937,919,1158,1176,0.027984186370152316,-0.02225280684712774,2153
Zbtb21,920,919,1175,1176,0.001568999655340681,-0.00122730338400237,2153
T,919,919,1176,1176,0.0,0.0,2153
Tbp,859,919,1236,1176,-0.09740673015057102,0.07179068306801009,2153
Prdm9,919,919,1176,1176,0.0,0.0,2153
Zscan10,919,919,1176,1176,0.0,0.0,2153
Flywch1,911,919,1183,1176,-0.0126138074869838,0.008562013503424,2153
E4f1,923,919,1169,1176,0.006265786356739574,-0.008613130304708033,2153
Sox8,919,919,1182,1176,0.0,0.007341975341167981,2153
Nkx2-5,919,919,1176,1176,0.0,0.0,2153
Phf1,919,919,1176,1176,0.0,0.0,2153
Zbtb9,921,919,1173,1176,0.0031362948023009943,-0.0036850468078558985,2153
Hmga1,922,919,1174,1176,0.004701889140303366,-0.0024556517263121347,2153
Spdef,926,919,1169,1176,0.01094733197120195,-0.008613130304708033,2153
Ppard,919,919,1176,1176,0.0,0.0,2153
Tead3,917,919,1178,1176,-0.0031431276939800435,0.002451478994096389,2153
Pknox1,971,919,1125,1176,0.07940643413015779,-0.06396305873196502,2153
Akap8,925,919,1169,1176,0.009388504114640078,-0.008613130304708033,2153
Akap8l,986,919,1109,1176,0.10152278508887715,-0.0846286946746545,2153
Wiz,921,919,1172,1176,0.0031362948023009943,-0.004915490414116527,2153
Zbtb22,919,919,1176,1176,0.0,0.0,2153
Rxrb,930,919,1164,1176,0.01716585470635916,-0.014797001928080552,2153
Pbx2,915,919,1184,1176,-0.006293118117629713,0.009781020792585396,2153
Atf6b,933,919,1164,1176,0.02181221956272435,-0.014797001928080552,2153
Zbtb12,898,919,1198,1176,-0.0333494165478876,0.026739847952421215,2153
Pou5f1,919,919,1176,1176,0.0,0.0,2153
Zfp57,918,919,1177,1176,-0.0015707078752265138,0.001226260202079849,2153
Runx2,919,919,1176,1176,0.0,0.0,2153
Cdc5l,906,919,1190,1176,-0.020553811242799425,0.017073513358941406,2153
Srf,920,919,1176,1176,0.001568999655340681,0.0,2153
Trerf1,903,919,1195,1176,-0.025338873808176336,0.023122558031746652,2153
Tfeb,919,919,1176,1176,0.0,0.0,2153
Foxp4,919,919,1176,1176,0.0,0.0,2153
Nfya,926,919,1174,1176,0.01094733197120195,-0.0024556517263121347,2153
Satb1,907,919,1190,1176,-0.018962310760512108,0.017073513358941406,2153
Safb2,917,919,1177,1176,-0.0031431276939800435,0.001226260202079849,2153
Safb,892,919,1195,1176,-0.04302115136872975,0.023122558031746652,2153
Rfx2,904,919,1191,1176,-0.02374208887384673,0.018285353027749553,2153
L3mbtl4,919,919,1176,1176,0.0,0.0,2153
Zbtb14,928,919,1166,1176,0.014059943838537611,-0.012320271635867894,2153
Tgif1,901,919,1194,1176,-0.0285377554754959,0.021914776428440728,2153
Cebpz,919,919,1187,1176,0.0,0.013431874805542431,2153
Six3,928,919,1169,1176,0.014059943838537611,-0.008613130304708033,2153
Six2,919,919,1176,1176,0.0,0.0,2153
Epas1,926,919,1169,1176,0.01094733197120195,-0.008613130304708033,2153
Foxn2,899,919,1196,1176,-0.03174374577458725,0.024329329361740502,2153
Crem,904,919,1191,1176,-0.02374208887384673,0.018285353027749553,2153
Zeb1,909,919,1185,1176,-0.01578456709492736,0.010998998949257108,2153
Mkx,919,919,1176,1176,0.0,0.0,2153
Gata6,919,919,1176,1176,0.0,0.0,2153
Egr1,919,919,1176,1176,0.0,0.0,2153
Cxxc5,921,919,1172,1176,0.0031362948023009943,-0.004915490414116527,2153
Pura,870,919,1226,1176,-0.07904946055294383,0.060070918854417246,2153
Nr3c1,915,919,1180,1176,-0.006293118117629713,0.004898799412839056,2153
Pou4f3,919,919,1176,1176,0.0,0.0,2153
Fam170a,919,919,1176,1176,0.0,0.0,2153
Prdm6,919,919,1176,1176,0.0,0.0,2153
Cdx1,919,919,1176,1176,0.0,0.0,2153
Onecut2,919,919,1175,1176,0.0,-0.00122730338400237,2153
Rax,919,919,1176,1176,0.0,0.0,2153
Tcf4,781,919,1315,1176,-0.23474231314705513,0.1611747393433003,2153
Mbd2,945,919,1155,1176,0.04024946781940051,-0.025995208532944576,2153
Smad4,869,919,1236,1176,-0.08070868447463427,0.07179068306801009,2153
Cxxc1,911,919,1182,1176,-0.0126138074869838,0.007341975341167981,2153
Mbd1,903,919,1180,1176,-0.025338873808176336,0.004898799412839056,2153
Zbtb7c,918,919,1177,1176,-0.0015707078752265138,0.001226260202079849,2153
Skor2,919,919,1176,1176,0.0,0.0,2153
Setbp1,791,919,1307,1176,-0.2163871668162427,0.1523710809590688,2153
Adnp2,910,919,1184,1176,-0.014198316202975882,0.009781020792585396,2153
Nfatc1,917,919,1177,1176,-0.0031431276939800435,0.001226260202079849,2153
Sall3,925,919,1175,1176,0.009388504114640078,-0.00122730338400237,2153
Tshz1,949,919,1151,1176,0.046343225732074764,-0.031000226704134045,2153
Tbx10,919,919,1176,1176,0.0,0.0,2153
Kdm2a,911,919,1178,1176,-0.0126138074869838,0.002451478994096389,2153
Npas4,919,919,1176,1176,0.0,0.0,2153
Drap1,879,919,1205,1176,-0.06420169614563043,0.03514508628095949,2153
Fosl1,919,919,1176,1176,0.0,0.0,2153
Ovol1,919,919,1176,1176,0.0,0.0,2153
Rela,911,919,1183,1176,-0.0126138074869838,0.008562013503424,2153
Tigd3,919,919,1176,1176,0.0,0.0,2153
Batf2,918,919,1178,1176,-0.0015707078752265138,0.002451478994096389,2153
Esrra,919,919,1176,1176,0.0,0.0,2153
Zbtb3,917,919,1177,1176,-0.0031431276939800435,0.001226260202079849,2153
Myrf,919,919,1176,1176,0.0,0.0,2153
Zfp91,890,919,1205,1176,-0.046259525435274465,0.03514508628095949,2153
Foxb2,919,919,1176,1176,0.0,0.0,2153
Rorb,838,919,1242,1176,-0.13311461758968285,0.07877711338411687,2153
Klf9,925,919,1170,1176,0.009388504114640078,-0.007379530365597452,2153
Foxd4,919,919,1176,1176,0.0,0.0,2153
Dmrt1,919,919,1176,1176,0.0,0.0,2153
Dmrt3,907,919,1187,1176,-0.018962310760512108,0.013431874805542431,2153
Dmrt2,919,919,1176,1176,0.0,0.0,2153
Rfx3,875,919,1206,1176,-0.07078184456934335,0.03634184706372036,2153
Glis3,922,919,1175,1176,0.004701889140303366,-0.00122730338400237,2153
Hhex,919,919,1176,1176,0.0,0.0,2153
Lcor,910,919,1188,1176,-0.014198316202975882,0.014646775964401263,2153
Nkx2-3,916,919,1179,1176,-0.004717263192090615,0.0036756581433983696,2153
Pax2,916,919,1179,1176,-0.004717263192090615,0.0036756581433983696,2153
Tlx1,919,919,1176,1176,0.0,0.0,2153
Lbx1,919,919,1176,1176,0.0,0.0,2153
Pitx3,919,919,1176,1176,0.0,0.0,2153
Nfkb2,918,919,1177,1176,-0.0015707078752265138,0.001226260202079849,2153
Pcgf6,927,919,1167,1176,0.01250447733649627,-0.011083499129016334,2153
Mxi1,931,919,1164,1176,0.018716306269759092,-0.014797001928080552,2153
Tcf7l2,914,919,1180,1176,-0.00787069623096478,0.004898799412839056,2153
Vax1,924,919,1171,1176,0.00782799012702318,-0.006146984335149348,2153
Emx2,936,919,1155,1176,0.026443668294370042,-0.025995208532944576,2153
Foxp3,919,919,1176,1176,0.0,0.0,2153
Tfe3,880,919,1216,1176,-0.06256133776437492,0.04825516860722115,2153
Gata1,919,919,1176,1176,0.0,0.0,2153
Elk1,924,919,1174,1176,0.00782799012702318,-0.0024556517263121347,2153
Nkrf,939,919,1156,1176,0.03106029636473993,-0.024746662335685607,2153
Zbtb33,909,919,1186,1176,-0.01578456709492736,0.012215949709639348,2153
Elf4,920,919,1177,1176,0.001568999655340681,0.001226260202079849,2153
Zic3,911,919,1183,1176,-0.0126138074869838,0.008562013503424,2153
Sox3,936,919,1168,1176,0.026443668294370042,-0.009847785956347178,2153
Zfp92,919,919,1176,1176,0.0,0.0,2153
Mecp2,917,919,1179,1176,-0.0031431276939800435,0.0036756581433983696,2153
Nr0b1,919,919,1176,1176,0.0,0.0,2153
Arx,1035,919,1063,1176,0.17149400109765303,-0.14574646330525975,2153
Zfx,946,919,1150,1176,0.04177532205036067,-0.03225419900462678,2153
Zxdb,916,919,1187,1176,-0.004717263192090615,0.013431874805542431,2153
Ar,918,919,1177,1176,-0.0015707078752265138,0.001226260202079849,2153
Foxo4,921,919,1175,1176,0.0031362948023009943,-0.00122730338400237,2153
Cdx4,919,919,1176,1176,0.0,0.0,2153
Tbx22,919,919,1176,1176,0.0,0.0,2153
Pou3f4,920,919,1175,1176,0.001568999655340681,-0.00122730338400237,2153
Hdx,915,919,1185,1176,-0.006293118117629713,0.010998998949257108,2153
Dach2,921,919,1174,1176,0.0031362948023009943,-0.0024556517263121347,2153
Cpxcr1,919,919,1176,1176,0.0,0.0,2153
Zmat1,924,919,1174,1176,0.00782799012702318,-0.0024556517263121347,2153
Esx1,919,919,1176,1176,0.0,0.0,2153
Foxr2,919,919,1176,1176,0.0,0.0,2153
Klf8,917,919,1178,1176,-0.0031431276939800435,0.002451478994096389,2153
Yy2,919,919,1176,1176,0.0,0.0,2153
Sry,919,919,1176,1176,0.0,0.0,2153
