Gene,Perturbed_Notochord_count,Unperturbed_Notochord_count,Perturbed_Prechordal_count,Unperturbed_Prechordal_count,Notochord_LogFC,Prechordal_LogFC,Total_cells
ACCS,634,634,107,107,0.0,0.0,741
ADNP2A,625,634,116,107,-0.0206266505899579,0.11651400872642503,741
ADNPA,652,634,89,107,0.04038912409167036,-0.26573355543474925,741
ADNPB,634,634,107,107,0.0,0.0,741
AEBP2,643,634,98,107,0.02033589718853994,-0.12675714228593873,741
AHR1A,634,634,107,107,0.0,0.0,741
AHR1B,634,634,107,107,0.0,0.0,741
AHR2,638,634,103,107,0.009073583625462067,-0.054966459217928566,741
AHRRB,634,634,107,107,0.0,0.0,741
AL627305.1,634,634,107,107,0.0,0.0,741
AL645691.1,634,634,107,107,0.0,0.0,741
AL645691.2,634,634,107,107,0.0,0.0,741
AL929028.1,634,634,107,107,0.0,0.0,741
AL935280.1,635,634,106,107,0.0022737515201209325,-0.01354653183794777,741
ALX1,634,634,107,107,0.0,0.0,741
ALX3,634,634,107,107,0.0,0.0,741
ALX4A,634,634,107,107,0.0,0.0,741
ALX4B,634,634,107,107,0.0,0.0,741
AR,635,634,106,107,0.0022737515201209325,-0.01354653183794777,741
ARID1AB,634,634,107,107,0.0,0.0,741
ARID2,633,634,108,107,-0.0022773407110659246,0.01342051576232144,741
ARID3A,634,634,107,107,0.0,0.0,741
ARID3B,635,634,106,107,0.0022737515201209325,-0.01354653183794777,741
ARID3C,634,634,107,107,0.0,0.0,741
ARID5A,634,634,107,107,0.0,0.0,741
ARID5B,634,634,107,107,0.0,0.0,741
ARL14EP,589,634,152,107,-0.10621520630894654,0.5064605270424385,741
ARNT,635,634,106,107,0.0022737515201209325,-0.01354653183794777,741
ARNT2,568,634,173,107,-0.15859191063472522,0.6931612412355778,741
ARNTL1A,627,634,114,107,-0.016017397337368386,0.09142302776359458,741
ARNTL1B,636,634,105,107,0.004543925144948079,-0.027221468735024314,741
ARNTL2,625,634,116,107,-0.0206266505899579,0.11651400872642503,741
ARXA,634,634,107,107,0.0,0.0,741
ASCL1A,634,634,107,107,0.0,0.0,741
ASCL1B,634,634,107,107,0.0,0.0,741
ATF1,654,634,87,107,0.044807795358675316,-0.29852349055241867,741
ATF2,634,634,107,107,0.0,0.0,741
ATF3,634,634,107,107,0.0,0.0,741
ATF4A,634,634,107,107,0.0,0.0,741
ATF4B,635,634,106,107,0.0022737515201209325,-0.01354653183794777,741
ATF5A,634,634,107,107,0.0,0.0,741
ATF5B,634,634,107,107,0.0,0.0,741
ATF6,587,634,154,107,-0.11112233702935503,0.5253195542937543,741
ATF7A,633,634,108,107,-0.0022773407110659246,0.01342051576232144,741
ATF7B,629,634,112,107,-0.011422823260117992,0.06588793565645701,741
ATMIN,634,634,107,107,0.0,0.0,741
ATOH1A,634,634,107,107,0.0,0.0,741
ATOH1B,634,634,107,107,0.0,0.0,741
ATOH1C,634,634,107,107,0.0,0.0,741
ATOH7,634,634,107,107,0.0,0.0,741
ATOH8,634,634,107,107,0.0,0.0,741
BACH1A,637,634,104,107,0.006810532116893079,-0.04102726826005479,741
BACH1B,634,634,107,107,0.0,0.0,741
BACH2A,628,634,113,107,-0.013718281247780323,0.07871197601404076,741
BACH2B,636,634,105,107,0.004543925144948079,-0.027221468735024314,741
BARHL1A,633,634,108,107,-0.0022773407110659246,0.01342051576232144,741
BARHL1B,634,634,107,107,0.0,0.0,741
BARHL2,634,634,107,107,0.0,0.0,741
BARX1,634,634,107,107,0.0,0.0,741
BARX2,634,634,107,107,0.0,0.0,741
BATF,634,634,107,107,0.0,0.0,741
BATF3,633,634,108,107,-0.0022773407110659246,0.01342051576232144,741
BAZ2A,641,634,100,107,0.015841516479333677,-0.09761079662642226,741
BAZ2B,634,634,107,107,0.0,0.0,741
BAZ2BA,637,634,104,107,0.006810532116893079,-0.04102726826005479,741
BBX,634,634,107,107,0.0,0.0,741
BCL11AA,634,634,107,107,0.0,0.0,741
BCL11AB,634,634,107,107,0.0,0.0,741
BCL11BA,634,634,107,107,0.0,0.0,741
BCL6A,617,634,124,107,-0.03921235098998945,0.21272932398572814,741
BCL6AB,633,634,108,107,-0.0022773407110659246,0.01342051576232144,741
BCL6B,634,634,107,107,0.0,0.0,741
BHLHA15,634,634,107,107,0.0,0.0,741
BHLHA9,634,634,107,107,0.0,0.0,741
BHLHE22,634,634,107,107,0.0,0.0,741
BHLHE23,634,634,107,107,0.0,0.0,741
BHLHE40,634,634,107,107,0.0,0.0,741
BHLHE41,634,634,107,107,0.0,0.0,741
BLF,633,634,108,107,-0.0022773407110659246,0.01342051576232144,741
BNC1,634,634,107,107,0.0,0.0,741
BNC2,634,634,107,107,0.0,0.0,741
BSX,636,634,105,107,0.004543925144948079,-0.027221468735024314,741
BX000477.1,633,634,108,107,-0.0022773407110659246,0.01342051576232144,741
BX000701.1,637,634,104,107,0.006810532116893079,-0.04102726826005479,741
BX000701.2,634,634,107,107,0.0,0.0,741
BX000701.3,636,634,105,107,0.004543925144948079,-0.027221468735024314,741
BX000703.1,634,634,107,107,0.0,0.0,741
BX004873.1,634,634,107,107,0.0,0.0,741
BX004873.2,634,634,107,107,0.0,0.0,741
BX005085.3,625,634,116,107,-0.0206266505899579,0.11651400872642503,741
BX005085.4,634,634,107,107,0.0,0.0,741
BX005085.6,636,634,105,107,0.004543925144948079,-0.027221468735024314,741
BX005417.2,634,634,107,107,0.0,0.0,741
BX005448.1,633,634,108,107,-0.0022773407110659246,0.01342051576232144,741
BX005448.2,634,634,107,107,0.0,0.0,741
BX088712.2,634,634,107,107,0.0,0.0,741
BX248122.1,633,634,108,107,-0.0022773407110659246,0.01342051576232144,741
BX248128.1,634,634,107,107,0.0,0.0,741
BX255935.1,634,634,107,107,0.0,0.0,741
BX276122.1,634,634,107,107,0.0,0.0,741
BX293993.1,634,634,107,107,0.0,0.0,741
BX294653.1,634,634,107,107,0.0,0.0,741
BX321873.1,634,634,107,107,0.0,0.0,741
BX321887.1,634,634,107,107,0.0,0.0,741
BX321887.2,634,634,107,107,0.0,0.0,741
BX321887.3,634,634,107,107,0.0,0.0,741
BX322597.1,632,634,109,107,-0.004558281962304301,0.02671733837577941,741
BX323023.1,634,634,107,107,0.0,0.0,741
BX323023.2,634,634,107,107,0.0,0.0,741
BX324003.1,629,634,112,107,-0.011422823260117992,0.06588793565645701,741
BX324003.3,634,634,107,107,0.0,0.0,741
BX324142.2,634,634,107,107,0.0,0.0,741
BX324142.3,634,634,107,107,0.0,0.0,741
BX324155.1,633,634,108,107,-0.0022773407110659246,0.01342051576232144,741
BX324179.1,634,634,107,107,0.0,0.0,741
BX324179.2,633,634,108,107,-0.0022773407110659246,0.01342051576232144,741
BX324179.3,632,634,109,107,-0.004558281962304301,0.02671733837577941,741
BX324216.1,631,634,110,107,-0.006842835156858206,0.0398927271235125,741
BX324216.4,634,634,107,107,0.0,0.0,741
BX465848.1,637,634,104,107,0.006810532116893079,-0.04102726826005479,741
BX465848.2,634,634,107,107,0.0,0.0,741
BX465848.3,634,634,107,107,0.0,0.0,741
BX470115.1,634,634,107,107,0.0,0.0,741
BX470115.2,632,634,109,107,-0.004558281962304301,0.02671733837577941,741
BX470149.1,634,634,107,107,0.0,0.0,741
BX470200.3,634,634,107,107,0.0,0.0,741
BX510909.1,635,634,106,107,0.0022737515201209325,-0.01354653183794777,741
BX510909.2,634,634,107,107,0.0,0.0,741
BX510934.1,634,634,107,107,0.0,0.0,741
BX511020.1,634,634,107,107,0.0,0.0,741
BX511078.1,634,634,107,107,0.0,0.0,741
BX511078.2,634,634,107,107,0.0,0.0,741
BX511078.3,634,634,107,107,0.0,0.0,741
BX511182.1,634,634,107,107,0.0,0.0,741
BX511215.1,634,634,107,107,0.0,0.0,741
BX511215.2,634,634,107,107,0.0,0.0,741
BX530097.1,634,634,107,107,0.0,0.0,741
BX537137.2,637,634,104,107,0.006810532116893079,-0.04102726826005479,741
BX539341.1,634,634,107,107,0.0,0.0,741
BX548067.1,634,634,107,107,0.0,0.0,741
BX548067.2,634,634,107,107,0.0,0.0,741
BX548173.1,635,634,106,107,0.0022737515201209325,-0.01354653183794777,741
BX548173.2,634,634,107,107,0.0,0.0,741
BX571664.1,627,634,114,107,-0.016017397337368386,0.09142302776359458,741
BX571760.1,634,634,107,107,0.0,0.0,741
BX571760.2,634,634,107,107,0.0,0.0,741
BX571878.1,634,634,107,107,0.0,0.0,741
BX572103.1,634,634,107,107,0.0,0.0,741
BX572103.2,634,634,107,107,0.0,0.0,741
BX572103.3,633,634,108,107,-0.0022773407110659246,0.01342051576232144,741
BX572103.4,634,634,107,107,0.0,0.0,741
BX640461.2,638,634,103,107,0.009073583625462067,-0.054966459217928566,741
BX640584.1,634,634,107,107,0.0,0.0,741
BX640584.2,634,634,107,107,0.0,0.0,741
BX640584.3,634,634,107,107,0.0,0.0,741
BX649417.1,634,634,107,107,0.0,0.0,741
BX649417.2,634,634,107,107,0.0,0.0,741
BX649453.3,633,634,108,107,-0.0022773407110659246,0.01342051576232144,741
BX649497.1,634,634,107,107,0.0,0.0,741
BX649556.1,634,634,107,107,0.0,0.0,741
BX663505.1,634,634,107,107,0.0,0.0,741
BX663505.2,634,634,107,107,0.0,0.0,741
BX664605.2,634,634,107,107,0.0,0.0,741
BX664622.1,634,634,107,107,0.0,0.0,741
BX664622.2,635,634,106,107,0.0022737515201209325,-0.01354653183794777,741
BX842593.1,634,634,107,107,0.0,0.0,741
BX855614.3,634,634,107,107,0.0,0.0,741
BX890539.1,634,634,107,107,0.0,0.0,741
BX897726.1,634,634,107,107,0.0,0.0,741
BX901907.1,634,634,107,107,0.0,0.0,741
BX927193.1,634,634,107,107,0.0,0.0,741
BX927287.3,634,634,107,107,0.0,0.0,741
BX927290.1,634,634,107,107,0.0,0.0,741
BX936303.1,634,634,107,107,0.0,0.0,741
BX936303.2,634,634,107,107,0.0,0.0,741
BX936350.1,634,634,107,107,0.0,0.0,741
CABZ01001457.1,634,634,107,107,0.0,0.0,741
CABZ01001464.1,634,634,107,107,0.0,0.0,741
CABZ01002345.1,634,634,107,107,0.0,0.0,741
CABZ01002718.1,634,634,107,107,0.0,0.0,741
CABZ01002768.1,617,634,124,107,-0.03921235098998945,0.21272932398572814,741
CABZ01002768.2,634,634,107,107,0.0,0.0,741
CABZ01003344.1,634,634,107,107,0.0,0.0,741
CABZ01003344.2,634,634,107,107,0.0,0.0,741
CABZ01011447.1,634,634,107,107,0.0,0.0,741
CABZ01015530.1,634,634,107,107,0.0,0.0,741
CABZ01017723.1,634,634,107,107,0.0,0.0,741
CABZ01017733.1,634,634,107,107,0.0,0.0,741
CABZ01017733.2,635,634,106,107,0.0022737515201209325,-0.01354653183794777,741
CABZ01017734.1,634,634,107,107,0.0,0.0,741
CABZ01019474.1,633,634,108,107,-0.0022773407110659246,0.01342051576232144,741
CABZ01021450.1,633,634,108,107,-0.0022773407110659246,0.01342051576232144,741
CABZ01021450.2,634,634,107,107,0.0,0.0,741
CABZ01021450.3,634,634,107,107,0.0,0.0,741
CABZ01021450.4,634,634,107,107,0.0,0.0,741
CABZ01021453.1,634,634,107,107,0.0,0.0,741
CABZ01021454.1,634,634,107,107,0.0,0.0,741
CABZ01021454.2,636,634,105,107,0.004543925144948079,-0.027221468735024314,741
CABZ01022254.1,634,634,107,107,0.0,0.0,741
CABZ01029938.2,634,634,107,107,0.0,0.0,741
CABZ01031998.1,634,634,107,107,0.0,0.0,741
CABZ01032351.1,635,634,106,107,0.0022737515201209325,-0.01354653183794777,741
CABZ01033178.1,636,634,105,107,0.004543925144948079,-0.027221468735024314,741
CABZ01033178.2,616,634,125,107,-0.04155248944450596,0.22431729826094013,741
CABZ01033180.1,634,634,107,107,0.0,0.0,741
CABZ01033540.1,634,634,107,107,0.0,0.0,741
CABZ01034082.1,637,634,104,107,0.006810532116893079,-0.04102726826005479,741
CABZ01034089.1,634,634,107,107,0.0,0.0,741
CABZ01038979.1,641,634,100,107,0.015841516479333677,-0.09761079662642226,741
CABZ01041962.1,637,634,104,107,0.006810532116893079,-0.04102726826005479,741
CABZ01048399.1,632,634,109,107,-0.004558281962304301,0.02671733837577941,741
CABZ01048402.2,634,634,107,107,0.0,0.0,741
CABZ01050663.1,634,634,107,107,0.0,0.0,741
CABZ01051641.1,634,634,107,107,0.0,0.0,741
CABZ01051641.2,634,634,107,107,0.0,0.0,741
CABZ01051902.1,634,634,107,107,0.0,0.0,741
CABZ01054392.1,633,634,108,107,-0.0022773407110659246,0.01342051576232144,741
CABZ01054394.1,634,634,107,107,0.0,0.0,741
CABZ01054394.2,634,634,107,107,0.0,0.0,741
CABZ01054405.1,634,634,107,107,0.0,0.0,741
CABZ01057488.2,634,634,107,107,0.0,0.0,741
CABZ01059309.1,634,634,107,107,0.0,0.0,741
CABZ01060110.1,634,634,107,107,0.0,0.0,741
CABZ01060490.1,634,634,107,107,0.0,0.0,741
CABZ01061549.1,634,634,107,107,0.0,0.0,741
CABZ01063297.1,634,634,107,107,0.0,0.0,741
CABZ01064859.1,634,634,107,107,0.0,0.0,741
CABZ01064859.2,634,634,107,107,0.0,0.0,741
CABZ01066717.1,631,634,110,107,-0.006842835156858206,0.0398927271235125,741
CABZ01066717.2,646,634,95,107,0.027051324554517794,-0.17161137807019913,741
CABZ01066719.1,634,634,107,107,0.0,0.0,741
CABZ01067175.1,634,634,107,107,0.0,0.0,741
CABZ01068023.1,634,634,107,107,0.0,0.0,741
CABZ01069006.1,634,634,107,107,0.0,0.0,741
CABZ01074982.1,634,634,107,107,0.0,0.0,741
CABZ01075078.1,634,634,107,107,0.0,0.0,741
CABZ01075191.1,634,634,107,107,0.0,0.0,741
CABZ01075923.1,634,634,107,107,0.0,0.0,741
CABZ01079241.1,634,634,107,107,0.0,0.0,741
CABZ01079303.1,634,634,107,107,0.0,0.0,741
CABZ01079304.1,628,634,113,107,-0.013718281247780323,0.07871197601404076,741
CABZ01079490.1,633,634,108,107,-0.0022773407110659246,0.01342051576232144,741
CABZ01080370.1,635,634,106,107,0.0022737515201209325,-0.01354653183794777,741
CABZ01081359.1,634,634,107,107,0.0,0.0,741
CABZ01081730.1,634,634,107,107,0.0,0.0,741
CABZ01081730.2,634,634,107,107,0.0,0.0,741
CABZ01081748.1,635,634,106,107,0.0022737515201209325,-0.01354653183794777,741
CABZ01081748.2,634,634,107,107,0.0,0.0,741
CABZ01081752.1,593,634,148,107,-0.09645073559340366,0.46798637922780284,741
CABZ01081752.2,634,634,107,107,0.0,0.0,741
CABZ01081752.3,631,634,110,107,-0.006842835156858206,0.0398927271235125,741
CABZ01092285.1,633,634,108,107,-0.0022773407110659246,0.01342051576232144,741
CABZ01112210.1,635,634,106,107,0.0022737515201209325,-0.01354653183794777,741
CABZ01115396.1,636,634,105,107,0.004543925144948079,-0.027221468735024314,741
CAMTA1A,618,634,123,107,-0.03687600223503262,0.20104751893809295,741
CAMTA1B,634,634,107,107,0.0,0.0,741
CAMTA2,633,634,108,107,-0.0022773407110659246,0.01342051576232144,741
CCDC78,634,634,107,107,0.0,0.0,741
CDC5L,633,634,108,107,-0.0022773407110659246,0.01342051576232144,741
CDX1B,634,634,107,107,0.0,0.0,741
CDX4,356,634,385,107,-0.8326055991730097,1.8472476491811167,741
CEBPA,634,634,107,107,0.0,0.0,741
CEBPB,638,634,103,107,0.009073583625462067,-0.054966459217928566,741
CEBPD,634,634,107,107,0.0,0.0,741
CEBPG,631,634,110,107,-0.006842835156858206,0.0398927271235125,741
CERS2A,633,634,108,107,-0.0022773407110659246,0.01342051576232144,741
CERS3A,634,634,107,107,0.0,0.0,741
CERS3B,635,634,106,107,0.0022737515201209325,-0.01354653183794777,741
CERS4A,642,634,99,107,0.018090456982895763,-0.11211036632153734,741
CERS4B,634,634,107,107,0.0,0.0,741
CHD4B,611,634,130,107,-0.05331046032067771,0.2809008266273074,741
CHES1,652,634,89,107,0.04038912409167036,-0.26573355543474925,741
CICA,634,634,107,107,0.0,0.0,741
CLOCKA,634,634,107,107,0.0,0.0,741
CLOCKB,635,634,106,107,0.0022737515201209325,-0.01354653183794777,741
CR293500.1,634,634,107,107,0.0,0.0,741
CR318589.1,634,634,107,107,0.0,0.0,741
CR352258.1,634,634,107,107,0.0,0.0,741
CR352258.2,634,634,107,107,0.0,0.0,741
CR356223.1,636,634,105,107,0.004543925144948079,-0.027221468735024314,741
CR361547.1,634,634,107,107,0.0,0.0,741
CR361561.1,634,634,107,107,0.0,0.0,741
CR361561.2,634,634,107,107,0.0,0.0,741
CR383668.1,634,634,107,107,0.0,0.0,741
CR387997.1,641,634,100,107,0.015841516479333677,-0.09761079662642226,741
CR388042.1,634,634,107,107,0.0,0.0,741
CR388132.2,634,634,107,107,0.0,0.0,741
CR388363.1,634,634,107,107,0.0,0.0,741
CR388416.1,634,634,107,107,0.0,0.0,741
CR391944.1,634,634,107,107,0.0,0.0,741
CR391944.2,634,634,107,107,0.0,0.0,741
CR391997.2,634,634,107,107,0.0,0.0,741
CR392354.2,634,634,107,107,0.0,0.0,741
CR407594.2,634,634,107,107,0.0,0.0,741
CR450780.1,634,634,107,107,0.0,0.0,741
CR450780.3,634,634,107,107,0.0,0.0,741
CR450785.1,634,634,107,107,0.0,0.0,741
CR450785.2,641,634,100,107,0.015841516479333677,-0.09761079662642226,741
CR450793.1,607,634,134,107,-0.06278632388372511,0.32462220405662534,741
CR759907.2,636,634,105,107,0.004543925144948079,-0.027221468735024314,741
CR769782.1,634,634,107,107,0.0,0.0,741
CR792418.1,634,634,107,107,0.0,0.0,741
CR792418.2,634,634,107,107,0.0,0.0,741
CR792418.3,634,634,107,107,0.0,0.0,741
CR792455.1,634,634,107,107,0.0,0.0,741
CR812792.1,634,634,107,107,0.0,0.0,741
CR847850.1,634,634,107,107,0.0,0.0,741
CR847850.2,634,634,107,107,0.0,0.0,741
CR847893.2,634,634,107,107,0.0,0.0,741
CR847893.3,634,634,107,107,0.0,0.0,741
CR847895.1,627,634,114,107,-0.016017397337368386,0.09142302776359458,741
CR847895.2,634,634,107,107,0.0,0.0,741
CR847895.3,634,634,107,107,0.0,0.0,741
CR847906.1,633,634,108,107,-0.0022773407110659246,0.01342051576232144,741
CR847941.1,634,634,107,107,0.0,0.0,741
CR847941.2,634,634,107,107,0.0,0.0,741
CR927215.1,634,634,107,107,0.0,0.0,741
CR927215.2,634,634,107,107,0.0,0.0,741
CR936540.2,634,634,107,107,0.0,0.0,741
CREB1A,640,634,101,107,0.013589064747955008,-0.08325550364935222,741
CREB1B,638,634,103,107,0.009073583625462067,-0.054966459217928566,741
CREB3L1,299,634,442,107,-1.084337355941302,2.0464355729902843,741
CREB3L2,634,634,107,107,0.0,0.0,741
CREB3L3A,634,634,107,107,0.0,0.0,741
CREB3L3L,634,634,107,107,0.0,0.0,741
CREB5A,634,634,107,107,0.0,0.0,741
CREB5B,634,634,107,107,0.0,0.0,741
CREBL2,669,634,72,107,0.0775233705020538,-0.5715419849588347,741
CREBZF,636,634,105,107,0.004543925144948079,-0.027221468735024314,741
CREMA,634,634,107,107,0.0,0.0,741
CREMB,634,634,107,107,0.0,0.0,741
CRX,634,634,107,107,0.0,0.0,741
CSDC2,634,634,107,107,0.0,0.0,741
CT027609.1,634,634,107,107,0.0,0.0,741
CT573234.1,634,634,107,107,0.0,0.0,741
CT573234.2,634,634,107,107,0.0,0.0,741
CT573234.3,634,634,107,107,0.0,0.0,741
CT573263.1,634,634,107,107,0.0,0.0,741
CT573263.2,634,634,107,107,0.0,0.0,741
CT573263.3,634,634,107,107,0.0,0.0,741
CT737127.1,634,634,107,107,0.0,0.0,741
CT737127.2,634,634,107,107,0.0,0.0,741
CT737138.1,634,634,107,107,0.0,0.0,741
CT737190.1,613,634,128,107,-0.04859576644862577,0.25853301359885295,741
CT990561.2,634,634,107,107,0.0,0.0,741
CTCF,630,634,111,107,-0.009131011752128378,0.05294887994895902,741
CU182107.1,631,634,110,107,-0.006842835156858206,0.0398927271235125,741
CU182823.1,634,634,107,107,0.0,0.0,741
CU457778.2,634,634,107,107,0.0,0.0,741
CU457794.1,634,634,107,107,0.0,0.0,741
CU467646.4,634,634,107,107,0.0,0.0,741
CU467646.6,634,634,107,107,0.0,0.0,741
CU570769.1,632,634,109,107,-0.004558281962304301,0.02671733837577941,741
CU655961.2,647,634,94,107,0.029282871853100412,-0.18687813472350961,741
CU655961.3,634,634,107,107,0.0,0.0,741
CU655961.4,634,634,107,107,0.0,0.0,741
CU655961.5,634,634,107,107,0.0,0.0,741
CU655961.6,634,634,107,107,0.0,0.0,741
CU929037.1,634,634,107,107,0.0,0.0,741
CU929391.1,634,634,107,107,0.0,0.0,741
CU929391.2,634,634,107,107,0.0,0.0,741
CU929391.3,637,634,104,107,0.006810532116893079,-0.04102726826005479,741
CUX1A,610,634,131,107,-0.0556735976891586,0.2919560151363033,741
CUX2B,630,634,111,107,-0.009131011752128378,0.05294887994895902,741
CXXC1A,585,634,156,107,-0.11604621566864032,0.5439352324611013,741
CXXC1B,633,634,108,107,-0.0022773407110659246,0.01342051576232144,741
CXXC4,634,634,107,107,0.0,0.0,741
CXXC5A,634,634,107,107,0.0,0.0,741
CXXC5B,634,634,107,107,0.0,0.0,741
DBPA,634,634,107,107,0.0,0.0,741
DBPB,634,634,107,107,0.0,0.0,741
DBX1A,634,634,107,107,0.0,0.0,741
DBX1B,634,634,107,107,0.0,0.0,741
DDIT3,634,634,107,107,0.0,0.0,741
DEAF1,634,634,107,107,0.0,0.0,741
DHARMA,637,634,104,107,0.006810532116893079,-0.04102726826005479,741
DLX1A,634,634,107,107,0.0,0.0,741
DLX2A,634,634,107,107,0.0,0.0,741
DLX2B,634,634,107,107,0.0,0.0,741
DLX3B,634,634,107,107,0.0,0.0,741
DLX4A,634,634,107,107,0.0,0.0,741
DLX4B,634,634,107,107,0.0,0.0,741
DLX5A,627,634,114,107,-0.016017397337368386,0.09142302776359458,741
DLX6A,636,634,105,107,0.004543925144948079,-0.027221468735024314,741
DMBX1A,634,634,107,107,0.0,0.0,741
DMBX1B,634,634,107,107,0.0,0.0,741
DMD,637,634,104,107,0.006810532116893079,-0.04102726826005479,741
DMRT1,635,634,106,107,0.0022737515201209325,-0.01354653183794777,741
DMRT2A,634,634,107,107,0.0,0.0,741
DMRT2B,634,634,107,107,0.0,0.0,741
DMRT3A,634,634,107,107,0.0,0.0,741
DMRTA2,634,634,107,107,0.0,0.0,741
DMTF1,632,634,109,107,-0.004558281962304301,0.02671733837577941,741
DNMT1,638,634,103,107,0.009073583625462067,-0.054966459217928566,741
DRGX,634,634,107,107,0.0,0.0,741
DRL,636,634,105,107,0.004543925144948079,-0.027221468735024314,741
DZIP1L,634,634,107,107,0.0,0.0,741
E2F1,634,634,107,107,0.0,0.0,741
E2F2,644,634,97,107,0.022577847975209585,-0.1415541442140193,741
E2F3,643,634,98,107,0.02033589718853994,-0.12675714228593873,741
E2F4,633,634,108,107,-0.0022773407110659246,0.01342051576232144,741
E2F5,628,634,113,107,-0.013718281247780323,0.07871197601404076,741
E2F7,635,634,106,107,0.0022737515201209325,-0.01354653183794777,741
E2F8,640,634,101,107,0.013589064747955008,-0.08325550364935222,741
E4F1,632,634,109,107,-0.004558281962304301,0.02671733837577941,741
EBF1A,633,634,108,107,-0.0022773407110659246,0.01342051576232144,741
EBF1B,634,634,107,107,0.0,0.0,741
EBF2,634,634,107,107,0.0,0.0,741
EBF3A,634,634,107,107,0.0,0.0,741
EBF3B,634,634,107,107,0.0,0.0,741
EEF1DB,580,634,161,107,-0.1284299401244728,0.5894498917134701,741
EF1,634,634,107,107,0.0,0.0,741
EGR1,634,634,107,107,0.0,0.0,741
EGR2B,634,634,107,107,0.0,0.0,741
EGR3,634,634,107,107,0.0,0.0,741
EGR4,634,634,107,107,0.0,0.0,741
EHF,634,634,107,107,0.0,0.0,741
ELF2A,634,634,107,107,0.0,0.0,741
ELF2B,632,634,109,107,-0.004558281962304301,0.02671733837577941,741
ELF3,634,634,107,107,0.0,0.0,741
ELK1,637,634,104,107,0.006810532116893079,-0.04102726826005479,741
ELK3,634,634,107,107,0.0,0.0,741
ELK4,633,634,108,107,-0.0022773407110659246,0.01342051576232144,741
EMX1,634,634,107,107,0.0,0.0,741
EMX2,634,634,107,107,0.0,0.0,741
EMX3,629,634,112,107,-0.011422823260117992,0.06588793565645701,741
EOMESA,638,634,103,107,0.009073583625462067,-0.054966459217928566,741
EOMESB,634,634,107,107,0.0,0.0,741
EPAS1B,634,634,107,107,0.0,0.0,741
ERF,629,634,112,107,-0.011422823260117992,0.06588793565645701,741
ERFL1,634,634,107,107,0.0,0.0,741
ERFL3,634,634,107,107,0.0,0.0,741
ERG,646,634,95,107,0.027051324554517794,-0.17161137807019913,741
ESR1,634,634,107,107,0.0,0.0,741
ESR2A,634,634,107,107,0.0,0.0,741
ESR2B,634,634,107,107,0.0,0.0,741
ESRRA,634,634,107,107,0.0,0.0,741
ESRRB,634,634,107,107,0.0,0.0,741
ESRRD,634,634,107,107,0.0,0.0,741
ESRRGA,634,634,107,107,0.0,0.0,741
ESRRGB,634,634,107,107,0.0,0.0,741
ETS2,634,634,107,107,0.0,0.0,741
ETV1,634,634,107,107,0.0,0.0,741
ETV2,634,634,107,107,0.0,0.0,741
ETV4,618,634,123,107,-0.03687600223503262,0.20104751893809295,741
ETV5A,633,634,108,107,-0.0022773407110659246,0.01342051576232144,741
ETV5B,576,634,165,107,-0.13841402869709488,0.6248552278446688,741
ETV7,634,634,107,107,0.0,0.0,741
EVE1,631,634,110,107,-0.006842835156858206,0.0398927271235125,741
EVX2,634,634,107,107,0.0,0.0,741
FAM60AL,582,634,159,107,-0.12346368723112346,0.5714159688832084,741
FBXO41,634,634,107,107,0.0,0.0,741
FERD3L,634,634,107,107,0.0,0.0,741
FEV,634,634,107,107,0.0,0.0,741
FEZF1,634,634,107,107,0.0,0.0,741
FEZF2,634,634,107,107,0.0,0.0,741
FIGLA,636,634,105,107,0.004543925144948079,-0.027221468735024314,741
FLAD1,636,634,105,107,0.004543925144948079,-0.027221468735024314,741
FLI1A,634,634,107,107,0.0,0.0,741
FLI1B,634,634,107,107,0.0,0.0,741
FO681350.1,639,634,102,107,0.0113330908075871,-0.06904164442965136,741
FO704584.1,634,634,107,107,0.0,0.0,741
FO704584.2,630,634,111,107,-0.009131011752128378,0.05294887994895902,741
FO704755.1,635,634,106,107,0.0022737515201209325,-0.01354653183794777,741
FO834842.1,634,634,107,107,0.0,0.0,741
FO834877.1,633,634,108,107,-0.0022773407110659246,0.01342051576232144,741
FOSAA,634,634,107,107,0.0,0.0,741
FOSAB,579,634,162,107,-0.13091949215017068,0.5983830164834777,741
FOSB,634,634,107,107,0.0,0.0,741
FOSL1A,634,634,107,107,0.0,0.0,741
FOSL1B,634,634,107,107,0.0,0.0,741
FOSL2,634,634,107,107,0.0,0.0,741
FOXA,288,634,453,107,-1.138414028697095,2.081900253645088,741
FOXA1,593,634,148,107,-0.09645073559340366,0.46798637922780284,741
FOXA2,293,634,448,107,-1.1135821757171593,2.0658879356564572,741
FOXA3,641,634,100,107,0.015841516479333677,-0.09761079662642226,741
FOXB1A,581,634,160,107,-0.12594467673487844,0.5804611084862153,741
FOXB1B,634,634,107,107,0.0,0.0,741
FOXB2,634,634,107,107,0.0,0.0,741
FOXC1A,634,634,107,107,0.0,0.0,741
FOXC1B,634,634,107,107,0.0,0.0,741
FOXD1,634,634,107,107,0.0,0.0,741
FOXD2,634,634,107,107,0.0,0.0,741
FOXD3,633,634,108,107,-0.0022773407110659246,0.01342051576232144,741
FOXD5,643,634,98,107,0.02033589718853994,-0.12675714228593873,741
FOXE1,634,634,107,107,0.0,0.0,741
FOXE3,634,634,107,107,0.0,0.0,741
FOXF1,634,634,107,107,0.0,0.0,741
FOXF2A,634,634,107,107,0.0,0.0,741
FOXF2B,634,634,107,107,0.0,0.0,741
FOXG1A,643,634,98,107,0.02033589718853994,-0.12675714228593873,741
FOXG1B,634,634,107,107,0.0,0.0,741
FOXG1C,634,634,107,107,0.0,0.0,741
FOXG1D,634,634,107,107,0.0,0.0,741
FOXH1,634,634,107,107,0.0,0.0,741
FOXI1,634,634,107,107,0.0,0.0,741
FOXI2,634,634,107,107,0.0,0.0,741
FOXI3A,634,634,107,107,0.0,0.0,741
FOXI3B,634,634,107,107,0.0,0.0,741
FOXJ1A,634,634,107,107,0.0,0.0,741
FOXJ1B,634,634,107,107,0.0,0.0,741
FOXJ2,639,634,102,107,0.0113330908075871,-0.06904164442965136,741
FOXJ3,631,634,110,107,-0.006842835156858206,0.0398927271235125,741
FOXK1,621,634,120,107,-0.02988957191892581,0.16542360920737145,741
FOXL1,634,634,107,107,0.0,0.0,741
FOXL2,634,634,107,107,0.0,0.0,741
FOXM1,633,634,108,107,-0.0022773407110659246,0.01342051576232144,741
FOXN1,634,634,107,107,0.0,0.0,741
FOXN2B,634,634,107,107,0.0,0.0,741
FOXN3,634,634,107,107,0.0,0.0,741
FOXN4,634,634,107,107,0.0,0.0,741
FOXO1A,634,634,107,107,0.0,0.0,741
FOXO1B,634,634,107,107,0.0,0.0,741
FOXO3A,635,634,106,107,0.0022737515201209325,-0.01354653183794777,741
FOXO3B,633,634,108,107,-0.0022773407110659246,0.01342051576232144,741
FOXO4,633,634,108,107,-0.0022773407110659246,0.01342051576232144,741
FOXP1A,635,634,106,107,0.0022737515201209325,-0.01354653183794777,741
FOXP1B,633,634,108,107,-0.0022773407110659246,0.01342051576232144,741
FOXP2,629,634,112,107,-0.011422823260117992,0.06588793565645701,741
FOXP3A,634,634,107,107,0.0,0.0,741
FOXP3B,634,634,107,107,0.0,0.0,741
FOXP4,634,634,107,107,0.0,0.0,741
FOXQ1A,634,634,107,107,0.0,0.0,741
FOXQ1B,634,634,107,107,0.0,0.0,741
FOXQ2,634,634,107,107,0.0,0.0,741
FP074867.1,634,634,107,107,0.0,0.0,741
FP074874.1,634,634,107,107,0.0,0.0,741
FP074874.2,634,634,107,107,0.0,0.0,741
FQ377628.1,634,634,107,107,0.0,0.0,741
FTR97,634,634,107,107,0.0,0.0,741
GABPA,602,634,139,107,-0.07471935337970523,0.3774740863223605,741
GATA1A,634,634,107,107,0.0,0.0,741
GATA1B,634,634,107,107,0.0,0.0,741
GATA2A,633,634,108,107,-0.0022773407110659246,0.01342051576232144,741
GATA2B,634,634,107,107,0.0,0.0,741
GATA3,634,634,107,107,0.0,0.0,741
GATA4,634,634,107,107,0.0,0.0,741
GATA5,631,634,110,107,-0.006842835156858206,0.0398927271235125,741
GATA6,634,634,107,107,0.0,0.0,741
GATAD2AB,638,634,103,107,0.009073583625462067,-0.054966459217928566,741
GATAD2B,634,634,107,107,0.0,0.0,741
GB:AI877918,634,634,107,107,0.0,0.0,741
GBX1,593,634,148,107,-0.09645073559340366,0.46798637922780284,741
GBX2,634,634,107,107,0.0,0.0,741
GCM2,634,634,107,107,0.0,0.0,741
GFI1AA,634,634,107,107,0.0,0.0,741
GFI1AB,634,634,107,107,0.0,0.0,741
GFI1B,634,634,107,107,0.0,0.0,741
GLI1,634,634,107,107,0.0,0.0,741
GLI2A,634,634,107,107,0.0,0.0,741
GLI2B,634,634,107,107,0.0,0.0,741
GLI3,634,634,107,107,0.0,0.0,741
GLIS1A,634,634,107,107,0.0,0.0,741
GLIS1B,634,634,107,107,0.0,0.0,741
GLIS2B,634,634,107,107,0.0,0.0,741
GLIS3,634,634,107,107,0.0,0.0,741
GMEB1,634,634,107,107,0.0,0.0,741
GMEB2,632,634,109,107,-0.004558281962304301,0.02671733837577941,741
GRHL1,634,634,107,107,0.0,0.0,741
GRHL2A,634,634,107,107,0.0,0.0,741
GRHL2B,634,634,107,107,0.0,0.0,741
GRHL3,634,634,107,107,0.0,0.0,741
GSC,648,634,93,107,0.03151097274521759,-0.2023081752931156,741
GSX1,634,634,107,107,0.0,0.0,741
GSX2,634,634,107,107,0.0,0.0,741
GTF2IRD1,634,634,107,107,0.0,0.0,741
GTF3AA,633,634,108,107,-0.0022773407110659246,0.01342051576232144,741
GTF3AB,623,634,118,107,-0.025250677115405396,0.14117606296069418,741
HAND2,634,634,107,107,0.0,0.0,741
HBP1,634,634,107,107,0.0,0.0,741
HDX,633,634,108,107,-0.0022773407110659246,0.01342051576232144,741
HELT,634,634,107,107,0.0,0.0,741
HER1,634,634,107,107,0.0,0.0,741
HER11,627,634,114,107,-0.016017397337368386,0.09142302776359458,741
HER12,634,634,107,107,0.0,0.0,741
HER13,634,634,107,107,0.0,0.0,741
HER15.1,641,634,100,107,0.015841516479333677,-0.09761079662642226,741
HER2,633,634,108,107,-0.0022773407110659246,0.01342051576232144,741
HER3,634,634,107,107,0.0,0.0,741
HER4.1,634,634,107,107,0.0,0.0,741
HER4.2,634,634,107,107,0.0,0.0,741
HER4.3,634,634,107,107,0.0,0.0,741
HER4.4,634,634,107,107,0.0,0.0,741
HER5,641,634,100,107,0.015841516479333677,-0.09761079662642226,741
HER6,634,634,107,107,0.0,0.0,741
HER7,592,634,149,107,-0.09888566451045752,0.4777015340610147,741
HER8.2,634,634,107,107,0.0,0.0,741
HER8A,643,634,98,107,0.02033589718853994,-0.12675714228593873,741
HER9,634,634,107,107,0.0,0.0,741
HES2.1,634,634,107,107,0.0,0.0,741
HES2.2,634,634,107,107,0.0,0.0,741
HES6,576,634,165,107,-0.13841402869709488,0.6248552278446688,741
HESX1,633,634,108,107,-0.0022773407110659246,0.01342051576232144,741
HEY1,572,634,169,107,-0.14846769336101776,0.6594124498810374,741
HEY2,636,634,105,107,0.004543925144948079,-0.027221468735024314,741
HEYL,634,634,107,107,0.0,0.0,741
HIC1,636,634,105,107,0.004543925144948079,-0.027221468735024314,741
HIC1L,634,634,107,107,0.0,0.0,741
HIC2,633,634,108,107,-0.0022773407110659246,0.01342051576232144,741
HINFP,647,634,94,107,0.029282871853100412,-0.18687813472350961,741
HIVEP1,635,634,106,107,0.0022737515201209325,-0.01354653183794777,741
HIVEP2A,641,634,100,107,0.015841516479333677,-0.09761079662642226,741
HIVEP3A,633,634,108,107,-0.0022773407110659246,0.01342051576232144,741
HIVEP3B,634,634,107,107,0.0,0.0,741
HLFA,634,634,107,107,0.0,0.0,741
HLFB,634,634,107,107,0.0,0.0,741
HLX1,633,634,108,107,-0.0022773407110659246,0.01342051576232144,741
HMBOX1A,634,634,107,107,0.0,0.0,741
HMBOX1B,634,634,107,107,0.0,0.0,741
HMG20A,625,634,116,107,-0.0206266505899579,0.11651400872642503,741
HMG20B,582,634,159,107,-0.12346368723112346,0.5714159688832084,741
HMGA1A,627,634,114,107,-0.016017397337368386,0.09142302776359458,741
HMGA2,634,634,107,107,0.0,0.0,741
HMGB1A,641,634,100,107,0.015841516479333677,-0.09761079662642226,741
HMGB2A,710,634,31,107,0.16333618425263705,-1.7872706760142718,741
HMGB3B,499,634,242,107,-0.3454430248021467,1.1773962508734477,741
HMX1,634,634,107,107,0.0,0.0,741
HMX2,634,634,107,107,0.0,0.0,741
HMX3A,629,634,112,107,-0.011422823260117992,0.06588793565645701,741
HMX3B,634,634,107,107,0.0,0.0,741
HMX4,631,634,110,107,-0.006842835156858206,0.0398927271235125,741
HNF1A,634,634,107,107,0.0,0.0,741
HNF1BA,634,634,107,107,0.0,0.0,741
HNF1BB,634,634,107,107,0.0,0.0,741
HNF4A,634,634,107,107,0.0,0.0,741
HNF4G,634,634,107,107,0.0,0.0,741
HNRNPA0L,686,634,55,107,0.11372573603340498,-0.9601072728764874,741
HOMEZA,636,634,105,107,0.004543925144948079,-0.027221468735024314,741
HOMEZB,591,634,150,107,-0.10132470996187483,0.48735170409473394,741
HOXA10B,634,634,107,107,0.0,0.0,741
HOXA11A,634,634,107,107,0.0,0.0,741
HOXA11B,634,634,107,107,0.0,0.0,741
HOXA13A,634,634,107,107,0.0,0.0,741
HOXA13B,634,634,107,107,0.0,0.0,741
HOXA1A,634,634,107,107,0.0,0.0,741
HOXA2B,634,634,107,107,0.0,0.0,741
HOXA5A,634,634,107,107,0.0,0.0,741
HOXA9B,634,634,107,107,0.0,0.0,741
HOXB10A,634,634,107,107,0.0,0.0,741
HOXB13A,634,634,107,107,0.0,0.0,741
HOXB1A,634,634,107,107,0.0,0.0,741
HOXB1B,594,634,147,107,-0.09401990933864153,0.4582053584352175,741
HOXB2A,635,634,106,107,0.0022737515201209325,-0.01354653183794777,741
HOXB3A,634,634,107,107,0.0,0.0,741
HOXB4A,634,634,107,107,0.0,0.0,741
HOXB5A,634,634,107,107,0.0,0.0,741
HOXB5B,634,634,107,107,0.0,0.0,741
HOXB6A,634,634,107,107,0.0,0.0,741
HOXB6B,634,634,107,107,0.0,0.0,741
HOXB7A,634,634,107,107,0.0,0.0,741
HOXB8A,634,634,107,107,0.0,0.0,741
HOXB8B,634,634,107,107,0.0,0.0,741
HOXB9A,634,634,107,107,0.0,0.0,741
HOXC10A,633,634,108,107,-0.0022773407110659246,0.01342051576232144,741
HOXC11A,634,634,107,107,0.0,0.0,741
HOXC11B,634,634,107,107,0.0,0.0,741
HOXC12A,634,634,107,107,0.0,0.0,741
HOXC12B,634,634,107,107,0.0,0.0,741
HOXC13A,634,634,107,107,0.0,0.0,741
HOXC13B,634,634,107,107,0.0,0.0,741
HOXC1A,634,634,107,107,0.0,0.0,741
HOXC3A,634,634,107,107,0.0,0.0,741
HOXC4A,634,634,107,107,0.0,0.0,741
HOXC5A,634,634,107,107,0.0,0.0,741
HOXC6A,634,634,107,107,0.0,0.0,741
HOXC6B,634,634,107,107,0.0,0.0,741
HOXC8A,634,634,107,107,0.0,0.0,741
HOXC9A,634,634,107,107,0.0,0.0,741
HOXD10A,634,634,107,107,0.0,0.0,741
HOXD11A,634,634,107,107,0.0,0.0,741
HOXD12A,635,634,106,107,0.0022737515201209325,-0.01354653183794777,741
HOXD13A,634,634,107,107,0.0,0.0,741
HOXD3A,634,634,107,107,0.0,0.0,741
HOXD4A,634,634,107,107,0.0,0.0,741
HOXD9A,634,634,107,107,0.0,0.0,741
HSF1,632,634,109,107,-0.004558281962304301,0.02671733837577941,741
HSF2,593,634,148,107,-0.09645073559340366,0.46798637922780284,741
HSF4,634,634,107,107,0.0,0.0,741
HSF5,634,634,107,107,0.0,0.0,741
ID2B,634,634,107,107,0.0,0.0,741
ID3,657,634,84,107,0.05141053018292233,-0.3491495636223867,741
IKZF1,634,634,107,107,0.0,0.0,741
IKZF2,634,634,107,107,0.0,0.0,741
IKZF4,634,634,107,107,0.0,0.0,741
IKZF5,642,634,99,107,0.018090456982895763,-0.11211036632153734,741
IM:7141269,637,634,104,107,0.006810532116893079,-0.04102726826005479,741
IM:7143333,635,634,106,107,0.0022737515201209325,-0.01354653183794777,741
IM:7147486,639,634,102,107,0.0113330908075871,-0.06904164442965136,741
IMP3,643,634,98,107,0.02033589718853994,-0.12675714228593873,741
INSM1A,634,634,107,107,0.0,0.0,741
INSM1B,634,634,107,107,0.0,0.0,741
IRF10,629,634,112,107,-0.011422823260117992,0.06588793565645701,741
IRF1A,634,634,107,107,0.0,0.0,741
IRF2,634,634,107,107,0.0,0.0,741
IRF2A,423,634,318,107,-0.5838251770194576,1.5714159688832083,741
IRF3,634,634,107,107,0.0,0.0,741
IRF4B,634,634,107,107,0.0,0.0,741
IRF5,634,634,107,107,0.0,0.0,741
IRF6,617,634,124,107,-0.03921235098998945,0.21272932398572814,741
IRF7,634,634,107,107,0.0,0.0,741
IRF8,634,634,107,107,0.0,0.0,741
IRF9,634,634,107,107,0.0,0.0,741
IRX1A,634,634,107,107,0.0,0.0,741
IRX1B,633,634,108,107,-0.0022773407110659246,0.01342051576232144,741
IRX2A,634,634,107,107,0.0,0.0,741
IRX3A,594,634,147,107,-0.09401990933864153,0.4582053584352175,741
IRX3B,634,634,107,107,0.0,0.0,741
IRX4A,634,634,107,107,0.0,0.0,741
IRX4B,634,634,107,107,0.0,0.0,741
IRX5A,634,634,107,107,0.0,0.0,741
IRX5B,634,634,107,107,0.0,0.0,741
IRX6A,634,634,107,107,0.0,0.0,741
IRX7,639,634,102,107,0.0113330908075871,-0.06904164442965136,741
ISL1,634,634,107,107,0.0,0.0,741
ISL1L,634,634,107,107,0.0,0.0,741
ISL2A,634,634,107,107,0.0,0.0,741
ISL2B,634,634,107,107,0.0,0.0,741
JARID2A,634,634,107,107,0.0,0.0,741
JAZF1A,641,634,100,107,0.015841516479333677,-0.09761079662642226,741
JAZF1B,634,634,107,107,0.0,0.0,741
JDP2A,634,634,107,107,0.0,0.0,741
JDP2B,634,634,107,107,0.0,0.0,741
JUN,627,634,114,107,-0.016017397337368386,0.09142302776359458,741
JUNBA,632,634,109,107,-0.004558281962304301,0.02671733837577941,741
JUNBB,635,634,106,107,0.0022737515201209325,-0.01354653183794777,741
JUND,634,634,107,107,0.0,0.0,741
KAT7A,634,634,107,107,0.0,0.0,741
KAT7B,638,634,103,107,0.009073583625462067,-0.054966459217928566,741
KCMF1,638,634,103,107,0.009073583625462067,-0.054966459217928566,741
KDM2AA,614,634,127,107,-0.0462441847692279,0.24721770037101895,741
KDM2AB,643,634,98,107,0.02033589718853994,-0.12675714228593873,741
KDM2BA,601,634,140,107,-0.07711784942822182,0.3878160305438194,741
KDM2BB,634,634,107,107,0.0,0.0,741
KDM5BA,632,634,109,107,-0.004558281962304301,0.02671733837577941,741
KDM5BB,636,634,105,107,0.004543925144948079,-0.027221468735024314,741
KIFC1,583,634,158,107,-0.1209869569389109,0.5623137617759559,741
KLF1,634,634,107,107,0.0,0.0,741
KLF11A,634,634,107,107,0.0,0.0,741
KLF11B,636,634,105,107,0.004543925144948079,-0.027221468735024314,741
KLF12A,634,634,107,107,0.0,0.0,741
KLF12B,634,634,107,107,0.0,0.0,741
KLF13,633,634,108,107,-0.0022773407110659246,0.01342051576232144,741
KLF15,634,634,107,107,0.0,0.0,741
KLF17,666,634,75,107,0.07103933693185475,-0.5126482959052661,741
KLF2A,634,634,107,107,0.0,0.0,741
KLF2B,632,634,109,107,-0.004558281962304301,0.02671733837577941,741
KLF3,642,634,99,107,0.018090456982895763,-0.11211036632153734,741
KLF4,634,634,107,107,0.0,0.0,741
KLF5A,634,634,107,107,0.0,0.0,741
KLF5B,634,634,107,107,0.0,0.0,741
KLF6A,626,634,115,107,-0.018320183206788968,0.10402306454322828,741
KLF6B,635,634,106,107,0.0022737515201209325,-0.01354653183794777,741
KLF7A,634,634,107,107,0.0,0.0,741
KLF7B,635,634,106,107,0.0022737515201209325,-0.01354653183794777,741
KLF8,635,634,106,107,0.0022737515201209325,-0.01354653183794777,741
KLF9,634,634,107,107,0.0,0.0,741
KMT2A,628,634,113,107,-0.013718281247780323,0.07871197601404076,741
KMT2BA,633,634,108,107,-0.0022773407110659246,0.01342051576232144,741
KMT2BB,635,634,106,107,0.0022737515201209325,-0.01354653183794777,741
KMT2CB,593,634,148,107,-0.09645073559340366,0.46798637922780284,741
L3MBTL1A,634,634,107,107,0.0,0.0,741
L3MBTL1B,631,634,110,107,-0.006842835156858206,0.0398927271235125,741
L3MBTL2,635,634,106,107,0.0022737515201209325,-0.01354653183794777,741
L3MBTL3,634,634,107,107,0.0,0.0,741
L3MBTL4,634,634,107,107,0.0,0.0,741
LBX1A,634,634,107,107,0.0,0.0,741
LBX1B,634,634,107,107,0.0,0.0,741
LBX2,634,634,107,107,0.0,0.0,741
LCORL,643,634,98,107,0.02033589718853994,-0.12675714228593873,741
LEF1,634,634,107,107,0.0,0.0,741
LHX1A,294,634,447,107,-1.108666685303043,2.0626640347821708,741
LHX1B,617,634,124,107,-0.03921235098998945,0.21272932398572814,741
LHX2A,634,634,107,107,0.0,0.0,741
LHX2B,634,634,107,107,0.0,0.0,741
LHX3,634,634,107,107,0.0,0.0,741
LHX4,634,634,107,107,0.0,0.0,741
LHX5,634,634,107,107,0.0,0.0,741
LHX6,634,634,107,107,0.0,0.0,741
LHX8A,632,634,109,107,-0.004558281962304301,0.02671733837577941,741
LHX8B,634,634,107,107,0.0,0.0,741
LHX9,634,634,107,107,0.0,0.0,741
LIN28A,596,634,145,107,-0.08917050967724562,0.43844210361378755,741
LIN28B,634,634,107,107,0.0,0.0,741
LIN54,632,634,109,107,-0.004558281962304301,0.02671733837577941,741
LMX1A,633,634,108,107,-0.0022773407110659246,0.01342051576232144,741
LMX1AL,634,634,107,107,0.0,0.0,741
LMX1BA,634,634,107,107,0.0,0.0,741
LMX1BB,634,634,107,107,0.0,0.0,741
MAFA,634,634,107,107,0.0,0.0,741
MAFB,634,634,107,107,0.0,0.0,741
MAFBA,634,634,107,107,0.0,0.0,741
MAFBB,635,634,106,107,0.0022737515201209325,-0.01354653183794777,741
MAFF,614,634,127,107,-0.0462441847692279,0.24721770037101895,741
MAFGA,634,634,107,107,0.0,0.0,741
MAFGB,634,634,107,107,0.0,0.0,741
MAFK,634,634,107,107,0.0,0.0,741
MAX,534,634,207,107,-0.24764309845185334,0.9520199710981784,741
MAZA,637,634,104,107,0.006810532116893079,-0.04102726826005479,741
MBD1B,587,634,154,107,-0.11112233702935503,0.5253195542937543,741
MBD2,634,634,107,107,0.0,0.0,741
MBD3A,621,634,120,107,-0.02988957191892581,0.16542360920737145,741
MBD3B,650,634,91,107,0.03595687777640969,-0.2336723462024507,741
MCAMB,634,634,107,107,0.0,0.0,741
MECOM,634,634,107,107,0.0,0.0,741
MECP2,634,634,107,107,0.0,0.0,741
MEF2AA,634,634,107,107,0.0,0.0,741
MEF2B,634,634,107,107,0.0,0.0,741
MEF2CA,634,634,107,107,0.0,0.0,741
MEF2CB,634,634,107,107,0.0,0.0,741
MEF2D,637,634,104,107,0.006810532116893079,-0.04102726826005479,741
MEIS1A,633,634,108,107,-0.0022773407110659246,0.01342051576232144,741
MEIS1B,634,634,107,107,0.0,0.0,741
MEIS2A,634,634,107,107,0.0,0.0,741
MEIS2B,593,634,148,107,-0.09645073559340366,0.46798637922780284,741
MEIS3,634,634,107,107,0.0,0.0,741
MEOX1,634,634,107,107,0.0,0.0,741
MEOX2A,634,634,107,107,0.0,0.0,741
MEOX2B,634,634,107,107,0.0,0.0,741
MESPAA,646,634,95,107,0.027051324554517794,-0.17161137807019913,741
MESPAB,634,634,107,107,0.0,0.0,741
MESPBA,634,634,107,107,0.0,0.0,741
MESPBB,634,634,107,107,0.0,0.0,741
MGAA,631,634,110,107,-0.006842835156858206,0.0398927271235125,741
MITFA,634,634,107,107,0.0,0.0,741
MITFB,634,634,107,107,0.0,0.0,741
MIXL1,645,634,96,107,0.024816320171209057,-0.15650448567999078,741
MKXA,634,634,107,107,0.0,0.0,741
MKXB,634,634,107,107,0.0,0.0,741
MLX,585,634,156,107,-0.11604621566864032,0.5439352324611013,741
MLXIP,591,634,150,107,-0.10132470996187483,0.48735170409473394,741
MNT,634,634,107,107,0.0,0.0,741
MNTB,637,634,104,107,0.006810532116893079,-0.04102726826005479,741
MNX1,634,634,107,107,0.0,0.0,741
MNX2A,634,634,107,107,0.0,0.0,741
MNX2B,634,634,107,107,0.0,0.0,741
MSANTD1,631,634,110,107,-0.006842835156858206,0.0398927271235125,741
MSGN1,635,634,106,107,0.0022737515201209325,-0.01354653183794777,741
MSI2B,644,634,97,107,0.022577847975209585,-0.1415541442140193,741
MSX1A,634,634,107,107,0.0,0.0,741
MSX1B,637,634,104,107,0.006810532116893079,-0.04102726826005479,741
MSX2A,634,634,107,107,0.0,0.0,741
MSX2B,634,634,107,107,0.0,0.0,741
MSX3,634,634,107,107,0.0,0.0,741
MTERF1,634,634,107,107,0.0,0.0,741
MTERF2,634,634,107,107,0.0,0.0,741
MTERF3,634,634,107,107,0.0,0.0,741
MTERF4,634,634,107,107,0.0,0.0,741
MTL5,634,634,107,107,0.0,0.0,741
MXD1,634,634,107,107,0.0,0.0,741
MXD3,636,634,105,107,0.004543925144948079,-0.027221468735024314,741
MXD4,634,634,107,107,0.0,0.0,741
MXI1,568,634,173,107,-0.15859191063472522,0.6931612412355778,741
MXTX1,627,634,114,107,-0.016017397337368386,0.09142302776359458,741
MXTX2,636,634,105,107,0.004543925144948079,-0.027221468735024314,741
MYB,634,634,107,107,0.0,0.0,741
MYBL1,631,634,110,107,-0.006842835156858206,0.0398927271235125,741
MYBL2A,636,634,105,107,0.004543925144948079,-0.027221468735024314,741
MYBL2B,650,634,91,107,0.03595687777640969,-0.2336723462024507,741
MYCA,634,634,107,107,0.0,0.0,741
MYCB,640,634,101,107,0.013589064747955008,-0.08325550364935222,741
MYCH,630,634,111,107,-0.009131011752128378,0.05294887994895902,741
MYCLA,629,634,112,107,-0.011422823260117992,0.06588793565645701,741
MYCLB,615,634,126,107,-0.04389642991280509,0.2358129370987694,741
MYCN,606,634,135,107,-0.06516504666645626,0.33534861064968396,741
MYF5,634,634,107,107,0.0,0.0,741
MYF6,634,634,107,107,0.0,0.0,741
MYNN,638,634,103,107,0.009073583625462067,-0.054966459217928566,741
MYOD1,634,634,107,107,0.0,0.0,741
MYOG,634,634,107,107,0.0,0.0,741
MYRF,634,634,107,107,0.0,0.0,741
MYSM1,635,634,106,107,0.0022737515201209325,-0.01354653183794777,741
MYT1A,634,634,107,107,0.0,0.0,741
MYT1B,633,634,108,107,-0.0022773407110659246,0.01342051576232144,741
MYT1LA,634,634,107,107,0.0,0.0,741
NAIF1,633,634,108,107,-0.0022773407110659246,0.01342051576232144,741
NANOG,613,634,128,107,-0.04859576644862577,0.25853301359885295,741
NCOA2,635,634,106,107,0.0022737515201209325,-0.01354653183794777,741
NEUROD1,634,634,107,107,0.0,0.0,741
NEUROD2,634,634,107,107,0.0,0.0,741
NEUROD4,634,634,107,107,0.0,0.0,741
NEUROD6A,636,634,105,107,0.004543925144948079,-0.027221468735024314,741
NEUROD6B,635,634,106,107,0.0022737515201209325,-0.01354653183794777,741
NEUROG1,638,634,103,107,0.009073583625462067,-0.054966459217928566,741
NEUROG3,634,634,107,107,0.0,0.0,741
NFAT5A,634,634,107,107,0.0,0.0,741
NFAT5B,634,634,107,107,0.0,0.0,741
NFATC1,634,634,107,107,0.0,0.0,741
NFATC2,634,634,107,107,0.0,0.0,741
NFATC3A,633,634,108,107,-0.0022773407110659246,0.01342051576232144,741
NFATC3B,634,634,107,107,0.0,0.0,741
NFATC4,633,634,108,107,-0.0022773407110659246,0.01342051576232144,741
NFE2,634,634,107,107,0.0,0.0,741
NFE2L1A,634,634,107,107,0.0,0.0,741
NFE2L1B,634,634,107,107,0.0,0.0,741
NFE2L2A,635,634,106,107,0.0022737515201209325,-0.01354653183794777,741
NFE2L2B,634,634,107,107,0.0,0.0,741
NFE2L3,635,634,106,107,0.0022737515201209325,-0.01354653183794777,741
NFIA,634,634,107,107,0.0,0.0,741
NFIC,634,634,107,107,0.0,0.0,741
NFIL3,633,634,108,107,-0.0022773407110659246,0.01342051576232144,741
NFIL3-2,634,634,107,107,0.0,0.0,741
NFIL3-4,634,634,107,107,0.0,0.0,741
NFIL3-5,636,634,105,107,0.004543925144948079,-0.027221468735024314,741
NFIL3-6,634,634,107,107,0.0,0.0,741
NFIXA,634,634,107,107,0.0,0.0,741
NFIXB,634,634,107,107,0.0,0.0,741
NFKB1,634,634,107,107,0.0,0.0,741
NFKB2,612,634,129,107,-0.05095118744675548,0.2697602690221072,741
NFXL1,634,634,107,107,0.0,0.0,741
NFYA,635,634,106,107,0.0022737515201209325,-0.01354653183794777,741
NFYAL,662,634,79,107,0.062348376667810367,-0.43768623822404407,741
NHLH2,634,634,107,107,0.0,0.0,741
NKX1.2LA,634,634,107,107,0.0,0.0,741
NKX1.2LB,634,634,107,107,0.0,0.0,741
NKX2.1,634,634,107,107,0.0,0.0,741
NKX2.2A,634,634,107,107,0.0,0.0,741
NKX2.2B,634,634,107,107,0.0,0.0,741
NKX2.3,634,634,107,107,0.0,0.0,741
NKX2.4A,634,634,107,107,0.0,0.0,741
NKX2.4B,634,634,107,107,0.0,0.0,741
NKX2.5,636,634,105,107,0.004543925144948079,-0.027221468735024314,741
NKX2.7,634,634,107,107,0.0,0.0,741
NKX3-1,634,634,107,107,0.0,0.0,741
NKX3.2,571,634,170,107,-0.15099209477656456,0.6679239497365548,741
NKX3.3,634,634,107,107,0.0,0.0,741
NKX6.1,633,634,108,107,-0.0022773407110659246,0.01342051576232144,741
NKX6.2,593,634,148,107,-0.09645073559340366,0.46798637922780284,741
NKX6.3,634,634,107,107,0.0,0.0,741
NOTO,204,634,537,107,-1.6359136881679117,2.3273112915842655,741
NPAS2,634,634,107,107,0.0,0.0,741
NPAS4A,634,634,107,107,0.0,0.0,741
NPAS4B,634,634,107,107,0.0,0.0,741
NR1D1,634,634,107,107,0.0,0.0,741
NR1D2A,634,634,107,107,0.0,0.0,741
NR1D2B,634,634,107,107,0.0,0.0,741
NR1D4A,634,634,107,107,0.0,0.0,741
NR1D4B,634,634,107,107,0.0,0.0,741
NR1H4,634,634,107,107,0.0,0.0,741
NR1H5,634,634,107,107,0.0,0.0,741
NR1I2,634,634,107,107,0.0,0.0,741
NR2C1,634,634,107,107,0.0,0.0,741
NR2C2,634,634,107,107,0.0,0.0,741
NR2E1,634,634,107,107,0.0,0.0,741
NR2E3,634,634,107,107,0.0,0.0,741
NR2F1A,634,634,107,107,0.0,0.0,741
NR2F1B,625,634,116,107,-0.0206266505899579,0.11651400872642503,741
NR2F2,634,634,107,107,0.0,0.0,741
NR2F5,634,634,107,107,0.0,0.0,741
NR2F6A,652,634,89,107,0.04038912409167036,-0.26573355543474925,741
NR2F6B,634,634,107,107,0.0,0.0,741
NR3C1,636,634,105,107,0.004543925144948079,-0.027221468735024314,741
NR3C2,634,634,107,107,0.0,0.0,741
NR4A1,631,634,110,107,-0.006842835156858206,0.0398927271235125,741
NR4A2A,634,634,107,107,0.0,0.0,741
NR4A2B,634,634,107,107,0.0,0.0,741
NR4A3,634,634,107,107,0.0,0.0,741
NR5A1A,633,634,108,107,-0.0022773407110659246,0.01342051576232144,741
NR5A1B,634,634,107,107,0.0,0.0,741
NR5A2,634,634,107,107,0.0,0.0,741
NR5A5,634,634,107,107,0.0,0.0,741
NR6A1B,634,634,107,107,0.0,0.0,741
NRL,634,634,107,107,0.0,0.0,741
OLIG1,634,634,107,107,0.0,0.0,741
OLIG2,634,634,107,107,0.0,0.0,741
OLIG4,641,634,100,107,0.015841516479333677,-0.09761079662642226,741
ONECUT1,634,634,107,107,0.0,0.0,741
ONECUT2,634,634,107,107,0.0,0.0,741
ONECUT3A,634,634,107,107,0.0,0.0,741
ONECUTL,634,634,107,107,0.0,0.0,741
OSR1,638,634,103,107,0.009073583625462067,-0.054966459217928566,741
OSR2,634,634,107,107,0.0,0.0,741
OTPA,634,634,107,107,0.0,0.0,741
OTPB,634,634,107,107,0.0,0.0,741
OTX1A,641,634,100,107,0.015841516479333677,-0.09761079662642226,741
OTX1B,635,634,106,107,0.0022737515201209325,-0.01354653183794777,741
OTX2,634,634,107,107,0.0,0.0,741
OTX5,634,634,107,107,0.0,0.0,741
OVOL1,633,634,108,107,-0.0022773407110659246,0.01342051576232144,741
PATZ1,634,634,107,107,0.0,0.0,741
PAX10,634,634,107,107,0.0,0.0,741
PAX1A,634,634,107,107,0.0,0.0,741
PAX1B,634,634,107,107,0.0,0.0,741
PAX2A,634,634,107,107,0.0,0.0,741
PAX2B,634,634,107,107,0.0,0.0,741
PAX3A,634,634,107,107,0.0,0.0,741
PAX3B,634,634,107,107,0.0,0.0,741
PAX4,634,634,107,107,0.0,0.0,741
PAX5,634,634,107,107,0.0,0.0,741
PAX6A,634,634,107,107,0.0,0.0,741
PAX6B,634,634,107,107,0.0,0.0,741
PAX7A,634,634,107,107,0.0,0.0,741
PAX7B,634,634,107,107,0.0,0.0,741
PAX8,634,634,107,107,0.0,0.0,741
PAX9,634,634,107,107,0.0,0.0,741
PBRM1L,612,634,129,107,-0.05095118744675548,0.2697602690221072,741
PBX1A,629,634,112,107,-0.011422823260117992,0.06588793565645701,741
PBX1B,634,634,107,107,0.0,0.0,741
PBX2,586,634,155,107,-0.11358217571715933,0.5346574188730906,741
PBX3A,634,634,107,107,0.0,0.0,741
PBX3B,631,634,110,107,-0.006842835156858206,0.0398927271235125,741
PBX4,647,634,94,107,0.029282871853100412,-0.18687813472350961,741
PDX1,633,634,108,107,-0.0022773407110659246,0.01342051576232144,741
PGM3,632,634,109,107,-0.004558281962304301,0.02671733837577941,741
PGR,634,634,107,107,0.0,0.0,741
PHF20A,635,634,106,107,0.0022737515201209325,-0.01354653183794777,741
PHF21AB,631,634,110,107,-0.006842835156858206,0.0398927271235125,741
PHOX2A,634,634,107,107,0.0,0.0,741
PHOX2BA,634,634,107,107,0.0,0.0,741
PHOX2BB,634,634,107,107,0.0,0.0,741
PIMR183,638,634,103,107,0.009073583625462067,-0.054966459217928566,741
PITX1,634,634,107,107,0.0,0.0,741
PITX2,642,634,99,107,0.018090456982895763,-0.11211036632153734,741
PITX3,639,634,102,107,0.0113330908075871,-0.06904164442965136,741
PKNOX1.1,629,634,112,107,-0.011422823260117992,0.06588793565645701,741
PKNOX1.2,634,634,107,107,0.0,0.0,741
PKNOX2,636,634,105,107,0.004543925144948079,-0.027221468735024314,741
PLAG1,634,634,107,107,0.0,0.0,741
PLAGL2,633,634,108,107,-0.0022773407110659246,0.01342051576232144,741
PLAGX,642,634,99,107,0.018090456982895763,-0.11211036632153734,741
PNX,634,634,107,107,0.0,0.0,741
POU1F1,634,634,107,107,0.0,0.0,741
POU2F1B,625,634,116,107,-0.0206266505899579,0.11651400872642503,741
POU2F2A,634,634,107,107,0.0,0.0,741
POU2F3,703,634,38,107,0.14904184893312802,-1.4935394729575615,741
POU3F1,634,634,107,107,0.0,0.0,741
POU3F2A,634,634,107,107,0.0,0.0,741
POU3F2B,634,634,107,107,0.0,0.0,741
POU3F3A,636,634,105,107,0.004543925144948079,-0.027221468735024314,741
POU3F3B,634,634,107,107,0.0,0.0,741
POU4F1,637,634,104,107,0.006810532116893079,-0.04102726826005479,741
POU4F2,634,634,107,107,0.0,0.0,741
POU4F3,634,634,107,107,0.0,0.0,741
POU5F3,603,634,138,107,-0.0723248382393225,0.367057470377022,741
POU6F1,634,634,107,107,0.0,0.0,741
POU6F2,622,634,119,107,-0.027568260008804704,0.15335077690679658,741
PPARAA,633,634,108,107,-0.0022773407110659246,0.01342051576232144,741
PPARAB,634,634,107,107,0.0,0.0,741
PPARDA,633,634,108,107,-0.0022773407110659246,0.01342051576232144,741
PPARDB,634,634,107,107,0.0,0.0,741
PPARG,634,634,107,107,0.0,0.0,741
PRDM10,634,634,107,107,0.0,0.0,741
PRDM12B,633,634,108,107,-0.0022773407110659246,0.01342051576232144,741
PRDM13,634,634,107,107,0.0,0.0,741
PRDM14,634,634,107,107,0.0,0.0,741
PRDM15,634,634,107,107,0.0,0.0,741
PRDM16,634,634,107,107,0.0,0.0,741
PRDM1A,646,634,95,107,0.027051324554517794,-0.17161137807019913,741
PRDM1C,634,634,107,107,0.0,0.0,741
PRDM2A,637,634,104,107,0.006810532116893079,-0.04102726826005479,741
PRDM2B,634,634,107,107,0.0,0.0,741
PRDM4,594,634,147,107,-0.09401990933864153,0.4582053584352175,741
PRDM5,634,634,107,107,0.0,0.0,741
PRDM8B,634,634,107,107,0.0,0.0,741
PRDM9,636,634,105,107,0.004543925144948079,-0.027221468735024314,741
PRKRIRA,621,634,120,107,-0.02988957191892581,0.16542360920737145,741
PRKRIRB,633,634,108,107,-0.0022773407110659246,0.01342051576232144,741
PROP1,634,634,107,107,0.0,0.0,741
PROX1A,634,634,107,107,0.0,0.0,741
PROX1B,634,634,107,107,0.0,0.0,741
PROX2,634,634,107,107,0.0,0.0,741
PRRX1A,634,634,107,107,0.0,0.0,741
PRRX1B,634,634,107,107,0.0,0.0,741
PTF1A,634,634,107,107,0.0,0.0,741
RARAA,634,634,107,107,0.0,0.0,741
RARAB,632,634,109,107,-0.004558281962304301,0.02671733837577941,741
RARGA,636,634,105,107,0.004543925144948079,-0.027221468735024314,741
RARGB,634,634,107,107,0.0,0.0,741
RBPJA,631,634,110,107,-0.006842835156858206,0.0398927271235125,741
RBPJB,635,634,106,107,0.0022737515201209325,-0.01354653183794777,741
REL,633,634,108,107,-0.0022773407110659246,0.01342051576232144,741
RELA,634,634,107,107,0.0,0.0,741
RELB,635,634,106,107,0.0022737515201209325,-0.01354653183794777,741
REREB,634,634,107,107,0.0,0.0,741
REST,635,634,106,107,0.0022737515201209325,-0.01354653183794777,741
RFX1A,634,634,107,107,0.0,0.0,741
RFX1B,620,634,121,107,-0.03221462486516966,0.17739625087344757,741
RFX2,629,634,112,107,-0.011422823260117992,0.06588793565645701,741
RFX3,634,634,107,107,0.0,0.0,741
RFX4,634,634,107,107,0.0,0.0,741
RFX5,633,634,108,107,-0.0022773407110659246,0.01342051576232144,741
RFX6,634,634,107,107,0.0,0.0,741
RFX7,638,634,103,107,0.009073583625462067,-0.054966459217928566,741
RLF,649,634,92,107,0.03373563785973136,-0.2179050303441341,741
RNH1,634,634,107,107,0.0,0.0,741
RORAA,646,634,95,107,0.027051324554517794,-0.17161137807019913,741
RORAB,634,634,107,107,0.0,0.0,741
RORB,634,634,107,107,0.0,0.0,741
RORC,634,634,107,107,0.0,0.0,741
RORCA,634,634,107,107,0.0,0.0,741
RORCB,634,634,107,107,0.0,0.0,741
RREB1A,598,634,143,107,-0.08433735594130218,0.4184043503772425,741
RREB1B,629,634,112,107,-0.011422823260117992,0.06588793565645701,741
RUNX1,634,634,107,107,0.0,0.0,741
RUNX2B,634,634,107,107,0.0,0.0,741
RUNX3,634,634,107,107,0.0,0.0,741
RX1,634,634,107,107,0.0,0.0,741
RX2,634,634,107,107,0.0,0.0,741
RX3,626,634,115,107,-0.018320183206788968,0.10402306454322828,741
RXRAA,634,634,107,107,0.0,0.0,741
RXRAB,634,634,107,107,0.0,0.0,741
RXRBA,635,634,106,107,0.0022737515201209325,-0.01354653183794777,741
RXRBB,634,634,107,107,0.0,0.0,741
RXRGB,634,634,107,107,0.0,0.0,741
SALL1A,594,634,147,107,-0.09401990933864153,0.4582053584352175,741
SALL1B,634,634,107,107,0.0,0.0,741
SALL2,635,634,106,107,0.0022737515201209325,-0.01354653183794777,741
SALL3A,633,634,108,107,-0.0022773407110659246,0.01342051576232144,741
SALL3B,593,634,148,107,-0.09645073559340366,0.46798637922780284,741
SALL4,597,634,144,107,-0.08675190887460218,0.4284580150411653,741
SAMD11,634,634,107,107,0.0,0.0,741
SATB1A,633,634,108,107,-0.0022773407110659246,0.01342051576232144,741
SATB2,634,634,107,107,0.0,0.0,741
SCOCB,635,634,106,107,0.0022737515201209325,-0.01354653183794777,741
SCRT1A,634,634,107,107,0.0,0.0,741
SCRT1B,638,634,103,107,0.009073583625462067,-0.054966459217928566,741
SCRT2,634,634,107,107,0.0,0.0,741
SCXA,634,634,107,107,0.0,0.0,741
SEBOX,641,634,100,107,0.015841516479333677,-0.09761079662642226,741
SETDB1A,635,634,106,107,0.0022737515201209325,-0.01354653183794777,741
SETDB1B,646,634,95,107,0.027051324554517794,-0.17161137807019913,741
SHOX,634,634,107,107,0.0,0.0,741
SHOX2,633,634,108,107,-0.0022773407110659246,0.01342051576232144,741
SI:CH1073-127D16.1,635,634,106,107,0.0022737515201209325,-0.01354653183794777,741
SI:CH1073-186O8.3,635,634,106,107,0.0022737515201209325,-0.01354653183794777,741
SI:CH1073-189O9.1,634,634,107,107,0.0,0.0,741
SI:CH1073-224N8.1,645,634,96,107,0.024816320171209057,-0.15650448567999078,741
SI:CH1073-357B18.4,569,634,172,107,-0.1560541878328254,0.684797768300951,741
SI:CH211-107P11.3,634,634,107,107,0.0,0.0,741
SI:CH211-108C17.2,634,634,107,107,0.0,0.0,741
SI:CH211-110E21.4,639,634,102,107,0.0113330908075871,-0.06904164442965136,741
SI:CH211-113P18.3,634,634,107,107,0.0,0.0,741
SI:CH211-116O3.5,638,634,103,107,0.009073583625462067,-0.054966459217928566,741
SI:CH211-117K10.3,634,634,107,107,0.0,0.0,741
SI:CH211-120C15.3,634,634,107,107,0.0,0.0,741
SI:CH211-145H19.5,634,634,107,107,0.0,0.0,741
SI:CH211-145O7.3,634,634,107,107,0.0,0.0,741
SI:CH211-148L7.4,636,634,105,107,0.004543925144948079,-0.027221468735024314,741
SI:CH211-152L15.2,634,634,107,107,0.0,0.0,741
SI:CH211-153J24.3,634,634,107,107,0.0,0.0,741
SI:CH211-155E24.3,633,634,108,107,-0.0022773407110659246,0.01342051576232144,741
SI:CH211-15D5.12,621,634,120,107,-0.02988957191892581,0.16542360920737145,741
SI:CH211-161M3.1,634,634,107,107,0.0,0.0,741
SI:CH211-161M3.2,634,634,107,107,0.0,0.0,741
SI:CH211-161M3.4,634,634,107,107,0.0,0.0,741
SI:CH211-162E15.3,620,634,121,107,-0.03221462486516966,0.17739625087344757,741
SI:CH211-162I8.2,634,634,107,107,0.0,0.0,741
SI:CH211-162I8.5,634,634,107,107,0.0,0.0,741
SI:CH211-162I8.7,634,634,107,107,0.0,0.0,741
SI:CH211-173P18.3,624,634,117,107,-0.022936811277158933,0.12889773318225758,741
SI:CH211-194H1.2,634,634,107,107,0.0,0.0,741
SI:CH211-196C10.13,634,634,107,107,0.0,0.0,741
SI:CH211-197E7.3,634,634,107,107,0.0,0.0,741
SI:CH211-198A12.6,650,634,91,107,0.03595687777640969,-0.2336723462024507,741
SI:CH211-207E19.15,641,634,100,107,0.015841516479333677,-0.09761079662642226,741
SI:CH211-207I20.2,634,634,107,107,0.0,0.0,741
SI:CH211-207I20.3,635,634,106,107,0.0022737515201209325,-0.01354653183794777,741
SI:CH211-208F21.2,634,634,107,107,0.0,0.0,741
SI:CH211-209J12.3,634,634,107,107,0.0,0.0,741
SI:CH211-210B2.1,634,634,107,107,0.0,0.0,741
SI:CH211-212K5.1,634,634,107,107,0.0,0.0,741
SI:CH211-212K5.4,634,634,107,107,0.0,0.0,741
SI:CH211-222K6.1,634,634,107,107,0.0,0.0,741
SI:CH211-222K6.2,634,634,107,107,0.0,0.0,741
SI:CH211-223A21.1,634,634,107,107,0.0,0.0,741
SI:CH211-223A21.3,634,634,107,107,0.0,0.0,741
SI:CH211-223A21.4,634,634,107,107,0.0,0.0,741
SI:CH211-223A21.6,636,634,105,107,0.004543925144948079,-0.027221468735024314,741
SI:CH211-226O13.2,634,634,107,107,0.0,0.0,741
SI:CH211-229L10.11,634,634,107,107,0.0,0.0,741
SI:CH211-231I17.4,634,634,107,107,0.0,0.0,741
SI:CH211-234C11.2,634,634,107,107,0.0,0.0,741
SI:CH211-235I11.3,633,634,108,107,-0.0022773407110659246,0.01342051576232144,741
SI:CH211-235I11.4,591,634,150,107,-0.10132470996187483,0.48735170409473394,741
SI:CH211-235I11.5,634,634,107,107,0.0,0.0,741
SI:CH211-235I11.6,634,634,107,107,0.0,0.0,741
SI:CH211-235I11.7,634,634,107,107,0.0,0.0,741
SI:CH211-236K19.2,634,634,107,107,0.0,0.0,741
SI:CH211-236L14.1,634,634,107,107,0.0,0.0,741
SI:CH211-239D6.2,635,634,106,107,0.0022737515201209325,-0.01354653183794777,741
SI:CH211-241B2.4,640,634,101,107,0.013589064747955008,-0.08325550364935222,741
SI:CH211-241E1.5,638,634,103,107,0.009073583625462067,-0.054966459217928566,741
SI:CH211-241N15.3,634,634,107,107,0.0,0.0,741
SI:CH211-245N8.4,633,634,108,107,-0.0022773407110659246,0.01342051576232144,741
SI:CH211-253B8.2,635,634,106,107,0.0022737515201209325,-0.01354653183794777,741
SI:CH211-255F4.2,634,634,107,107,0.0,0.0,741
SI:CH211-255F4.5,642,634,99,107,0.018090456982895763,-0.11211036632153734,741
SI:CH211-261D7.6,640,634,101,107,0.013589064747955008,-0.08325550364935222,741
SI:CH211-262I1.5,638,634,103,107,0.009073583625462067,-0.054966459217928566,741
SI:CH211-265G22.4,634,634,107,107,0.0,0.0,741
SI:CH211-266A5.12,634,634,107,107,0.0,0.0,741
SI:CH211-271G18.4,634,634,107,107,0.0,0.0,741
SI:CH211-276C2.4,636,634,105,107,0.004543925144948079,-0.027221468735024314,741
SI:CH211-283L16.1,634,634,107,107,0.0,0.0,741
SI:CH211-284E13.5,609,634,132,107,-0.0580406122330748,0.3029271329573064,741
SI:CH211-284E13.6,635,634,106,107,0.0022737515201209325,-0.01354653183794777,741
SI:CH211-59D15.4,634,634,107,107,0.0,0.0,741
SI:CH211-69L10.4,635,634,106,107,0.0022737515201209325,-0.01354653183794777,741
SI:CH211-79G12.1,634,634,107,107,0.0,0.0,741
SI:CH211-89O9.6,633,634,108,107,-0.0022773407110659246,0.01342051576232144,741
SI:CH211-9D9.1,634,634,107,107,0.0,0.0,741
SI:CH73-109D9.2,641,634,100,107,0.015841516479333677,-0.09761079662642226,741
SI:CH73-109D9.3,632,634,109,107,-0.004558281962304301,0.02671733837577941,741
SI:CH73-127M5.2,635,634,106,107,0.0022737515201209325,-0.01354653183794777,741
SI:CH73-138E16.2,634,634,107,107,0.0,0.0,741
SI:CH73-138E16.4,632,634,109,107,-0.004558281962304301,0.02671733837577941,741
SI:CH73-138E16.5,634,634,107,107,0.0,0.0,741
SI:CH73-138E16.6,634,634,107,107,0.0,0.0,741
SI:CH73-138E16.8,634,634,107,107,0.0,0.0,741
SI:CH73-144D13.4,635,634,106,107,0.0022737515201209325,-0.01354653183794777,741
SI:CH73-144D13.5,593,634,148,107,-0.09645073559340366,0.46798637922780284,741
SI:CH73-144D13.7,634,634,107,107,0.0,0.0,741
SI:CH73-144D13.8,641,634,100,107,0.015841516479333677,-0.09761079662642226,741
SI:CH73-266F23.3,634,634,107,107,0.0,0.0,741
SI:CH73-299H12.3,649,634,92,107,0.03373563785973136,-0.2179050303441341,741
SI:CH73-299H12.4,632,634,109,107,-0.004558281962304301,0.02671733837577941,741
SI:CH73-299H12.6,634,634,107,107,0.0,0.0,741
SI:CH73-299H12.8,633,634,108,107,-0.0022773407110659246,0.01342051576232144,741
SI:CH73-299H12.9,634,634,107,107,0.0,0.0,741
SI:CH73-311H14.2,635,634,106,107,0.0022737515201209325,-0.01354653183794777,741
SI:CH73-347E22.4,603,634,138,107,-0.0723248382393225,0.367057470377022,741
SI:CH73-367F21.5,634,634,107,107,0.0,0.0,741
SI:CH73-367F21.6,634,634,107,107,0.0,0.0,741
SI:CH73-382F3.1,621,634,120,107,-0.02988957191892581,0.16542360920737145,741
SI:CH73-389K6.1,635,634,106,107,0.0022737515201209325,-0.01354653183794777,741
SI:CH73-40A17.4,634,634,107,107,0.0,0.0,741
SI:CH73-57F22.2,634,634,107,107,0.0,0.0,741
SI:CH73-59F11.3,634,634,107,107,0.0,0.0,741
SI:CH73-92E7.4,634,634,107,107,0.0,0.0,741
SI:DKEY-109J17.5,632,634,109,107,-0.004558281962304301,0.02671733837577941,741
SI:DKEY-111K8.2,634,634,107,107,0.0,0.0,741
SI:DKEY-111K8.3,633,634,108,107,-0.0022773407110659246,0.01342051576232144,741
SI:DKEY-111K8.5,634,634,107,107,0.0,0.0,741
SI:DKEY-122C11.7,634,634,107,107,0.0,0.0,741
SI:DKEY-122C11.8,634,634,107,107,0.0,0.0,741
SI:DKEY-13N23.3,634,634,107,107,0.0,0.0,741
SI:DKEY-146C18.5,634,634,107,107,0.0,0.0,741
SI:DKEY-149M13.4,635,634,106,107,0.0022737515201209325,-0.01354653183794777,741
SI:DKEY-14D8.1,632,634,109,107,-0.004558281962304301,0.02671733837577941,741
SI:DKEY-14K9.3,634,634,107,107,0.0,0.0,741
SI:DKEY-14O6.4,634,634,107,107,0.0,0.0,741
SI:DKEY-14O6.8,634,634,107,107,0.0,0.0,741
SI:DKEY-156J15.1,634,634,107,107,0.0,0.0,741
SI:DKEY-156N14.3,634,634,107,107,0.0,0.0,741
SI:DKEY-15H8.15,636,634,105,107,0.004543925144948079,-0.027221468735024314,741
SI:DKEY-15H8.16,632,634,109,107,-0.004558281962304301,0.02671733837577941,741
SI:DKEY-165B20.3,634,634,107,107,0.0,0.0,741
SI:DKEY-16B10.2,634,634,107,107,0.0,0.0,741
SI:DKEY-16P19.1,634,634,107,107,0.0,0.0,741
SI:DKEY-16P19.5,634,634,107,107,0.0,0.0,741
SI:DKEY-172K15.3,634,634,107,107,0.0,0.0,741
SI:DKEY-172K15.4,641,634,100,107,0.015841516479333677,-0.09761079662642226,741
SI:DKEY-172O19.2,634,634,107,107,0.0,0.0,741
SI:DKEY-176F19.1,634,634,107,107,0.0,0.0,741
SI:DKEY-176F19.7,634,634,107,107,0.0,0.0,741
SI:DKEY-179K24.2,634,634,107,107,0.0,0.0,741
SI:DKEY-182I3.10,634,634,107,107,0.0,0.0,741
SI:DKEY-182I3.8,634,634,107,107,0.0,0.0,741
SI:DKEY-182I3.9,626,634,115,107,-0.018320183206788968,0.10402306454322828,741
SI:DKEY-18A10.3,634,634,107,107,0.0,0.0,741
SI:DKEY-199M13.4,634,634,107,107,0.0,0.0,741
SI:DKEY-199M13.5,634,634,107,107,0.0,0.0,741
SI:DKEY-199M13.7,635,634,106,107,0.0022737515201209325,-0.01354653183794777,741
SI:DKEY-19B23.10,634,634,107,107,0.0,0.0,741
SI:DKEY-1B17.2,567,634,174,107,-0.16113410519717844,0.7014765094475813,741
SI:DKEY-1B17.5,634,634,107,107,0.0,0.0,741
SI:DKEY-201G16.1,634,634,107,107,0.0,0.0,741
SI:DKEY-208K4.2,634,634,107,107,0.0,0.0,741
SI:DKEY-20I10.7,635,634,106,107,0.0022737515201209325,-0.01354653183794777,741
SI:DKEY-20I20.10,634,634,107,107,0.0,0.0,741
SI:DKEY-20I20.11,634,634,107,107,0.0,0.0,741
SI:DKEY-20I20.15,634,634,107,107,0.0,0.0,741
SI:DKEY-20I20.2,634,634,107,107,0.0,0.0,741
SI:DKEY-20I20.3,637,634,104,107,0.006810532116893079,-0.04102726826005479,741
SI:DKEY-20I20.4,634,634,107,107,0.0,0.0,741
SI:DKEY-20I20.7,635,634,106,107,0.0022737515201209325,-0.01354653183794777,741
SI:DKEY-20I20.9,634,634,107,107,0.0,0.0,741
SI:DKEY-210J14.3,634,634,107,107,0.0,0.0,741
SI:DKEY-210J14.4,634,634,107,107,0.0,0.0,741
SI:DKEY-222B8.1,634,634,107,107,0.0,0.0,741
SI:DKEY-226L10.6,640,634,101,107,0.013589064747955008,-0.08325550364935222,741
SI:DKEY-228B2.6,635,634,106,107,0.0022737515201209325,-0.01354653183794777,741
SI:DKEY-229B18.3,634,634,107,107,0.0,0.0,741
SI:DKEY-22H13.2,634,634,107,107,0.0,0.0,741
SI:DKEY-22H13.3,634,634,107,107,0.0,0.0,741
SI:DKEY-233E3.3,634,634,107,107,0.0,0.0,741
SI:DKEY-237M9.1,632,634,109,107,-0.004558281962304301,0.02671733837577941,741
SI:DKEY-237M9.2,634,634,107,107,0.0,0.0,741
SI:DKEY-239N17.4,634,634,107,107,0.0,0.0,741
SI:DKEY-23A23.3,634,634,107,107,0.0,0.0,741
SI:DKEY-240N22.8,634,634,107,107,0.0,0.0,741
SI:DKEY-246J6.3,657,634,84,107,0.05141053018292233,-0.3491495636223867,741
SI:DKEY-247I3.1,634,634,107,107,0.0,0.0,741
SI:DKEY-247I3.5,636,634,105,107,0.004543925144948079,-0.027221468735024314,741
SI:DKEY-247I3.6,634,634,107,107,0.0,0.0,741
SI:DKEY-248E17.5,634,634,107,107,0.0,0.0,741
SI:DKEY-250D21.1,632,634,109,107,-0.004558281962304301,0.02671733837577941,741
SI:DKEY-253D23.11,633,634,108,107,-0.0022773407110659246,0.01342051576232144,741
SI:DKEY-253D23.2,642,634,99,107,0.018090456982895763,-0.11211036632153734,741
SI:DKEY-253D23.5,634,634,107,107,0.0,0.0,741
SI:DKEY-253D23.8,637,634,104,107,0.006810532116893079,-0.04102726826005479,741
SI:DKEY-253D23.9,637,634,104,107,0.006810532116893079,-0.04102726826005479,741
SI:DKEY-256I11.2,635,634,106,107,0.0022737515201209325,-0.01354653183794777,741
SI:DKEY-25I10.1,634,634,107,107,0.0,0.0,741
SI:DKEY-261J4.3,636,634,105,107,0.004543925144948079,-0.027221468735024314,741
SI:DKEY-261J4.4,629,634,112,107,-0.011422823260117992,0.06588793565645701,741
SI:DKEY-261J4.5,637,634,104,107,0.006810532116893079,-0.04102726826005479,741
SI:DKEY-262G12.3,633,634,108,107,-0.0022773407110659246,0.01342051576232144,741
SI:DKEY-262G12.7,634,634,107,107,0.0,0.0,741
SI:DKEY-264F17.4,634,634,107,107,0.0,0.0,741
SI:DKEY-269O24.6,636,634,105,107,0.004543925144948079,-0.027221468735024314,741
SI:DKEY-26I24.1,634,634,107,107,0.0,0.0,741
SI:DKEY-285E18.5,634,634,107,107,0.0,0.0,741
SI:DKEY-28I19.1,634,634,107,107,0.0,0.0,741
SI:DKEY-29J8.2,635,634,106,107,0.0022737515201209325,-0.01354653183794777,741
SI:DKEY-29P23.2,634,634,107,107,0.0,0.0,741
SI:DKEY-30F3.2,634,634,107,107,0.0,0.0,741
SI:DKEY-30K6.5,634,634,107,107,0.0,0.0,741
SI:DKEY-33C14.6,634,634,107,107,0.0,0.0,741
SI:DKEY-34F9.3,634,634,107,107,0.0,0.0,741
SI:DKEY-34M19.3,640,634,101,107,0.013589064747955008,-0.08325550364935222,741
SI:DKEY-3P4.7,634,634,107,107,0.0,0.0,741
SI:DKEY-3P4.8,634,634,107,107,0.0,0.0,741
SI:DKEY-40J3.3,634,634,107,107,0.0,0.0,741
SI:DKEY-40N15.1,634,634,107,107,0.0,0.0,741
SI:DKEY-43P13.5,626,634,115,107,-0.018320183206788968,0.10402306454322828,741
SI:DKEY-4C15.12,634,634,107,107,0.0,0.0,741
SI:DKEY-4C15.13,632,634,109,107,-0.004558281962304301,0.02671733837577941,741
SI:DKEY-4C15.16,634,634,107,107,0.0,0.0,741
SI:DKEY-4C15.8,634,634,107,107,0.0,0.0,741
SI:DKEY-4C15.9,634,634,107,107,0.0,0.0,741
SI:DKEY-4E4.1,634,634,107,107,0.0,0.0,741
SI:DKEY-50I6.6,634,634,107,107,0.0,0.0,741
SI:DKEY-54J5.2,634,634,107,107,0.0,0.0,741
SI:DKEY-56D12.4,634,634,107,107,0.0,0.0,741
SI:DKEY-56M15.3,633,634,108,107,-0.0022773407110659246,0.01342051576232144,741
SI:DKEY-56M15.5,634,634,107,107,0.0,0.0,741
SI:DKEY-56M15.6,634,634,107,107,0.0,0.0,741
SI:DKEY-56M15.8,634,634,107,107,0.0,0.0,741
SI:DKEY-57K17.1,632,634,109,107,-0.004558281962304301,0.02671733837577941,741
SI:DKEY-5I16.5,634,634,107,107,0.0,0.0,741
SI:DKEY-5N7.2,634,634,107,107,0.0,0.0,741
SI:DKEY-60A16.1,637,634,104,107,0.006810532116893079,-0.04102726826005479,741
SI:DKEY-60D5.3,634,634,107,107,0.0,0.0,741
SI:DKEY-66I24.7,647,634,94,107,0.029282871853100412,-0.18687813472350961,741
SI:DKEY-66I24.8,635,634,106,107,0.0022737515201209325,-0.01354653183794777,741
SI:DKEY-66I24.9,651,634,90,107,0.038174703026228315,-0.24961389007147225,741
SI:DKEY-68O6.5,518,634,223,107,-0.2915307424528533,1.0594329135191578,741
SI:DKEY-68O6.6,629,634,112,107,-0.011422823260117992,0.06588793565645701,741
SI:DKEY-68O6.8,634,634,107,107,0.0,0.0,741
SI:DKEY-6E2.2,625,634,116,107,-0.0206266505899579,0.11651400872642503,741
SI:DKEY-72L17.6,634,634,107,107,0.0,0.0,741
SI:DKEY-77F5.11,633,634,108,107,-0.0022773407110659246,0.01342051576232144,741
SI:DKEY-77F5.13,634,634,107,107,0.0,0.0,741
SI:DKEY-77F5.14,642,634,99,107,0.018090456982895763,-0.11211036632153734,741
SI:DKEY-77F5.15,634,634,107,107,0.0,0.0,741
SI:DKEY-77F5.4,632,634,109,107,-0.004558281962304301,0.02671733837577941,741
SI:DKEY-77F5.6,634,634,107,107,0.0,0.0,741
SI:DKEY-77F5.8,636,634,105,107,0.004543925144948079,-0.027221468735024314,741
SI:DKEY-79D12.4,633,634,108,107,-0.0022773407110659246,0.01342051576232144,741
SI:DKEY-7E14.3,635,634,106,107,0.0022737515201209325,-0.01354653183794777,741
SI:DKEY-7I4.10,633,634,108,107,-0.0022773407110659246,0.01342051576232144,741
SI:DKEY-7I4.11,633,634,108,107,-0.0022773407110659246,0.01342051576232144,741
SI:DKEY-7I4.12,634,634,107,107,0.0,0.0,741
SI:DKEY-7I4.13,633,634,108,107,-0.0022773407110659246,0.01342051576232144,741
SI:DKEY-7I4.14,634,634,107,107,0.0,0.0,741
SI:DKEY-7I4.15,634,634,107,107,0.0,0.0,741
SI:DKEY-7I4.16,634,634,107,107,0.0,0.0,741
SI:DKEY-7I4.19,634,634,107,107,0.0,0.0,741
SI:DKEY-7I4.5,633,634,108,107,-0.0022773407110659246,0.01342051576232144,741
SI:DKEY-7I4.7,634,634,107,107,0.0,0.0,741
SI:DKEY-7I4.9,634,634,107,107,0.0,0.0,741
SI:DKEY-7J22.1,634,634,107,107,0.0,0.0,741
SI:DKEY-7J22.2,635,634,106,107,0.0022737515201209325,-0.01354653183794777,741
SI:DKEY-7J22.4,634,634,107,107,0.0,0.0,741
SI:DKEY-7L6.3,634,634,107,107,0.0,0.0,741
SI:DKEY-82I20.2,634,634,107,107,0.0,0.0,741
SI:DKEY-92J16.2,634,634,107,107,0.0,0.0,741
SI:DKEY-93N13.1,634,634,107,107,0.0,0.0,741
SI:DKEY-93N13.2,635,634,106,107,0.0022737515201209325,-0.01354653183794777,741
SI:DKEYP-104F11.6,590,634,151,107,-0.10376788589020366,0.49693775292393205,741
SI:DKEYP-104F11.8,634,634,107,107,0.0,0.0,741
SI:DKEYP-113D7.1,635,634,106,107,0.0022737515201209325,-0.01354653183794777,741
SI:DKEYP-113D7.10,592,634,149,107,-0.09888566451045752,0.4777015340610147,741
SI:DKEYP-117B8.4,634,634,107,107,0.0,0.0,741
SI:DKEYP-121D2.7,632,634,109,107,-0.004558281962304301,0.02671733837577941,741
SI:DKEYP-35E5.10,637,634,104,107,0.006810532116893079,-0.04102726826005479,741
SI:DKEYP-35E5.9,666,634,75,107,0.07103933693185475,-0.5126482959052661,741
SI:DKEYP-38G8.5,636,634,105,107,0.004543925144948079,-0.027221468735024314,741
SI:DKEYP-41F9.4,634,634,107,107,0.0,0.0,741
SI:DKEYP-44B5.5,634,634,107,107,0.0,0.0,741
SI:DKEYP-44D3.1,634,634,107,107,0.0,0.0,741
SI:DKEYP-44D3.3,634,634,107,107,0.0,0.0,741
SI:DKEYP-4F2.3,631,634,110,107,-0.006842835156858206,0.0398927271235125,741
SI:DKEYP-53D3.3,638,634,103,107,0.009073583625462067,-0.054966459217928566,741
SI:DKEYP-53D3.5,634,634,107,107,0.0,0.0,741
SI:DKEYP-53E4.1,633,634,108,107,-0.0022773407110659246,0.01342051576232144,741
SI:DKEYP-53E4.2,634,634,107,107,0.0,0.0,741
SI:DKEYP-68B7.7,635,634,106,107,0.0022737515201209325,-0.01354653183794777,741
SI:DKEYP-79B7.12,634,634,107,107,0.0,0.0,741
SI:DKEYP-82B4.3,633,634,108,107,-0.0022773407110659246,0.01342051576232144,741
SI:DKEYP-82H4.3,634,634,107,107,0.0,0.0,741
SI:DKEYP-84F3.5,632,634,109,107,-0.004558281962304301,0.02671733837577941,741
SI:DKEYP-84F3.9,635,634,106,107,0.0022737515201209325,-0.01354653183794777,741
SI:DKEYP-85D8.5,634,634,107,107,0.0,0.0,741
SI:RP71-1D10.8,641,634,100,107,0.015841516479333677,-0.09761079662642226,741
SI:RP71-1G18.1,652,634,89,107,0.04038912409167036,-0.26573355543474925,741
SI:RP71-1H20.5,626,634,115,107,-0.018320183206788968,0.10402306454322828,741
SI:RP71-45K5.2,615,634,126,107,-0.04389642991280509,0.2358129370987694,741
SI:ZFOS-128G4.1,644,634,97,107,0.022577847975209585,-0.1415541442140193,741
SI:ZFOS-128G4.2,634,634,107,107,0.0,0.0,741
SI:ZFOS-44A5.1,616,634,125,107,-0.04155248944450596,0.22431729826094013,741
SIM1A,634,634,107,107,0.0,0.0,741
SIM1B,634,634,107,107,0.0,0.0,741
SIX1A,633,634,108,107,-0.0022773407110659246,0.01342051576232144,741
SIX1B,634,634,107,107,0.0,0.0,741
SIX2A,634,634,107,107,0.0,0.0,741
SIX2B,634,634,107,107,0.0,0.0,741
SIX3A,643,634,98,107,0.02033589718853994,-0.12675714228593873,741
SIX3B,641,634,100,107,0.015841516479333677,-0.09761079662642226,741
SIX4A,634,634,107,107,0.0,0.0,741
SIX4B,634,634,107,107,0.0,0.0,741
SIX5,634,634,107,107,0.0,0.0,741
SIX6A,634,634,107,107,0.0,0.0,741
SIX6B,634,634,107,107,0.0,0.0,741
SIX7,634,634,107,107,0.0,0.0,741
SIX9,634,634,107,107,0.0,0.0,741
SMAD1,634,634,107,107,0.0,0.0,741
SMAD3A,643,634,98,107,0.02033589718853994,-0.12675714228593873,741
SMAD3B,634,634,107,107,0.0,0.0,741
SMAD5,588,634,153,107,-0.10866668530304284,0.5159208562915049,741
SMAD6A,634,634,107,107,0.0,0.0,741
SMAD9,635,634,106,107,0.0022737515201209325,-0.01354653183794777,741
SNAI1A,630,634,111,107,-0.009131011752128378,0.05294887994895902,741
SNAI1B,634,634,107,107,0.0,0.0,741
SNAI2,627,634,114,107,-0.016017397337368386,0.09142302776359458,741
SNAI3,634,634,107,107,0.0,0.0,741
SNAPC4,635,634,106,107,0.0022737515201209325,-0.01354653183794777,741
SOX10,634,634,107,107,0.0,0.0,741
SOX11A,667,634,74,107,0.07320392104517759,-0.5320136207721972,741
SOX11B,633,634,108,107,-0.0022773407110659246,0.01342051576232144,741
SOX12,634,634,107,107,0.0,0.0,741
SOX13,635,634,106,107,0.0022737515201209325,-0.01354653183794777,741
SOX14,634,634,107,107,0.0,0.0,741
SOX17,634,634,107,107,0.0,0.0,741
SOX18,634,634,107,107,0.0,0.0,741
SOX19A,577,634,164,107,-0.13591152149392477,0.6160850182169366,741
SOX19B,641,634,100,107,0.015841516479333677,-0.09761079662642226,741
SOX1A,634,634,107,107,0.0,0.0,741
SOX1B,634,634,107,107,0.0,0.0,741
SOX2,634,634,107,107,0.0,0.0,741
SOX21A,634,634,107,107,0.0,0.0,741
SOX21B,634,634,107,107,0.0,0.0,741
SOX3,589,634,152,107,-0.10621520630894654,0.5064605270424385,741
SOX32,634,634,107,107,0.0,0.0,741
SOX4A,634,634,107,107,0.0,0.0,741
SOX4B,634,634,107,107,0.0,0.0,741
SOX5,634,634,107,107,0.0,0.0,741
SOX6,634,634,107,107,0.0,0.0,741
SOX7,634,634,107,107,0.0,0.0,741
SOX8A,634,634,107,107,0.0,0.0,741
SOX8B,634,634,107,107,0.0,0.0,741
SOX9A,634,634,107,107,0.0,0.0,741
SOX9B,634,634,107,107,0.0,0.0,741
SP1,604,634,137,107,-0.06993429081432839,0.3565650965593798,741
SP2,641,634,100,107,0.015841516479333677,-0.09761079662642226,741
SP3A,627,634,114,107,-0.016017397337368386,0.09142302776359458,741
SP3B,634,634,107,107,0.0,0.0,741
SP4,639,634,102,107,0.0113330908075871,-0.06904164442965136,741
SP5A,594,634,147,107,-0.09401990933864153,0.4582053584352175,741
SP5L,591,634,150,107,-0.10132470996187483,0.48735170409473394,741
SP6,633,634,108,107,-0.0022773407110659246,0.01342051576232144,741
SP7,636,634,105,107,0.004543925144948079,-0.027221468735024314,741
SP8A,634,634,107,107,0.0,0.0,741
SP8B,635,634,106,107,0.0022737515201209325,-0.01354653183794777,741
SP9,634,634,107,107,0.0,0.0,741
SPDEF,634,634,107,107,0.0,0.0,741
SPI1A,634,634,107,107,0.0,0.0,741
SPI1B,634,634,107,107,0.0,0.0,741
SPIC,634,634,107,107,0.0,0.0,741
SREBF1,634,634,107,107,0.0,0.0,741
SREBF2,585,634,156,107,-0.11604621566864032,0.5439352324611013,741
SRFA,637,634,104,107,0.006810532116893079,-0.04102726826005479,741
SRFB,634,634,107,107,0.0,0.0,741
SSRP1A,458,634,283,107,-0.46913524204246343,1.4031912564307354,741
STAT1A,634,634,107,107,0.0,0.0,741
STAT1B,634,634,107,107,0.0,0.0,741
STAT2,634,634,107,107,0.0,0.0,741
STAT3,654,634,87,107,0.044807795358675316,-0.29852349055241867,741
STAT4,634,634,107,107,0.0,0.0,741
STAT5A,633,634,108,107,-0.0022773407110659246,0.01342051576232144,741
STAT5B,626,634,115,107,-0.018320183206788968,0.10402306454322828,741
STAT6,635,634,106,107,0.0022737515201209325,-0.01354653183794777,741
TA,124,634,617,107,-2.354142719752532,2.527659692748271,741
TAL1,634,634,107,107,0.0,0.0,741
TAL2,634,634,107,107,0.0,0.0,741
TB,634,634,107,107,0.0,0.0,741
TBP,611,634,130,107,-0.05331046032067771,0.2809008266273074,741
TBPL1,636,634,105,107,0.004543925144948079,-0.027221468735024314,741
TBPL2,635,634,106,107,0.0022737515201209325,-0.01354653183794777,741
TBR1A,634,634,107,107,0.0,0.0,741
TBR1B,634,634,107,107,0.0,0.0,741
TBX1,634,634,107,107,0.0,0.0,741
TBX15,631,634,110,107,-0.006842835156858206,0.0398927271235125,741
TBX16,630,634,111,107,-0.009131011752128378,0.05294887994895902,741
TBX18,634,634,107,107,0.0,0.0,741
TBX19,634,634,107,107,0.0,0.0,741
TBX20,634,634,107,107,0.0,0.0,741
TBX21,634,634,107,107,0.0,0.0,741
TBX22,634,634,107,107,0.0,0.0,741
TBX2A,634,634,107,107,0.0,0.0,741
TBX2B,634,634,107,107,0.0,0.0,741
TBX3A,634,634,107,107,0.0,0.0,741
TBX4,634,634,107,107,0.0,0.0,741
TBX5A,634,634,107,107,0.0,0.0,741
TBX5B,634,634,107,107,0.0,0.0,741
TBX6,634,634,107,107,0.0,0.0,741
TBX6L,641,634,100,107,0.015841516479333677,-0.09761079662642226,741
TCF12,634,634,107,107,0.0,0.0,741
TCF15,634,634,107,107,0.0,0.0,741
TCF21,634,634,107,107,0.0,0.0,741
TCF23,634,634,107,107,0.0,0.0,741
TCF24,634,634,107,107,0.0,0.0,741
TCF3A,593,634,148,107,-0.09645073559340366,0.46798637922780284,741
TCF3B,641,634,100,107,0.015841516479333677,-0.09761079662642226,741
TCF7,634,634,107,107,0.0,0.0,741
TCF7L1A,634,634,107,107,0.0,0.0,741
TCF7L1B,641,634,100,107,0.015841516479333677,-0.09761079662642226,741
TCF7L2,634,634,107,107,0.0,0.0,741
TEAD1A,662,634,79,107,0.062348376667810367,-0.43768623822404407,741
TEAD1B,634,634,107,107,0.0,0.0,741
TEAD3A,634,634,107,107,0.0,0.0,741
TEAD3B,634,634,107,107,0.0,0.0,741
TEFA,591,634,150,107,-0.10132470996187483,0.48735170409473394,741
TEFB,634,634,107,107,0.0,0.0,741
TERF1,644,634,97,107,0.022577847975209585,-0.1415541442140193,741
TERFA,593,634,148,107,-0.09645073559340366,0.46798637922780284,741
TET1,634,634,107,107,0.0,0.0,741
TFAP2A,635,634,106,107,0.0022737515201209325,-0.01354653183794777,741
TFAP2B,634,634,107,107,0.0,0.0,741
TFAP2C,638,634,103,107,0.009073583625462067,-0.054966459217928566,741
TFAP2D,634,634,107,107,0.0,0.0,741
TFAP2E,634,634,107,107,0.0,0.0,741
TFAP4,642,634,99,107,0.018090456982895763,-0.11211036632153734,741
TFCP2,636,634,105,107,0.004543925144948079,-0.027221468735024314,741
TFCP2L1,634,634,107,107,0.0,0.0,741
TFDP1A,635,634,106,107,0.0022737515201209325,-0.01354653183794777,741
TFDP1B,656,634,85,107,0.049212974478676445,-0.3320760502634452,741
TFDP2,634,634,107,107,0.0,0.0,741
TFE3A,635,634,106,107,0.0022737515201209325,-0.01354653183794777,741
TFE3B,634,634,107,107,0.0,0.0,741
TFEB,634,634,107,107,0.0,0.0,741
TFEC,635,634,106,107,0.0022737515201209325,-0.01354653183794777,741
TGIF1,444,634,297,107,-0.5139231637893013,1.472852134399619,741
THAP1,632,634,109,107,-0.004558281962304301,0.02671733837577941,741
THAP11,633,634,108,107,-0.0022773407110659246,0.01342051576232144,741
THAP3,644,634,97,107,0.022577847975209585,-0.1415541442140193,741
THAP7,633,634,108,107,-0.0022773407110659246,0.01342051576232144,741
THRAA,630,634,111,107,-0.009131011752128378,0.05294887994895902,741
THRAB,634,634,107,107,0.0,0.0,741
THRB,634,634,107,107,0.0,0.0,741
TIMELESS,622,634,119,107,-0.027568260008804704,0.15335077690679658,741
TLX1,634,634,107,107,0.0,0.0,741
TLX2,634,634,107,107,0.0,0.0,741
TLX3B,634,634,107,107,0.0,0.0,741
TOX4B,638,634,103,107,0.009073583625462067,-0.054966459217928566,741
TP53,608,634,133,107,-0.060411516695821704,0.31381544910004266,741
TP63,634,634,107,107,0.0,0.0,741
TP73,634,634,107,107,0.0,0.0,741
TRAF6,635,634,106,107,0.0022737515201209325,-0.01354653183794777,741
TRPS1,634,634,107,107,0.0,0.0,741
TSHZ1,636,634,105,107,0.004543925144948079,-0.027221468735024314,741
TSHZ2,635,634,106,107,0.0022737515201209325,-0.01354653183794777,741
TSHZ3B,635,634,106,107,0.0022737515201209325,-0.01354653183794777,741
TWIST1A,634,634,107,107,0.0,0.0,741
TWIST1B,634,634,107,107,0.0,0.0,741
TWIST2,110,634,631,107,-2.5269793166147476,2.560029208581402,741
TWIST3,634,634,107,107,0.0,0.0,741
UBP1,629,634,112,107,-0.011422823260117992,0.06588793565645701,741
UBTFL,634,634,107,107,0.0,0.0,741
UNCX,634,634,107,107,0.0,0.0,741
UNCX4.1,635,634,106,107,0.0022737515201209325,-0.01354653183794777,741
USF1,594,634,147,107,-0.09401990933864153,0.4582053584352175,741
USF1L,629,634,112,107,-0.011422823260117992,0.06588793565645701,741
USF2,633,634,108,107,-0.0022773407110659246,0.01342051576232144,741
USF3,634,634,107,107,0.0,0.0,741
VAX1,634,634,107,107,0.0,0.0,741
VAX2,634,634,107,107,0.0,0.0,741
VDRB,642,634,99,107,0.018090456982895763,-0.11211036632153734,741
VED,643,634,98,107,0.02033589718853994,-0.12675714228593873,741
VENT,624,634,117,107,-0.022936811277158933,0.12889773318225758,741
VEZF1A,634,634,107,107,0.0,0.0,741
VEZF1B,642,634,99,107,0.018090456982895763,-0.11211036632153734,741
VOX,600,634,141,107,-0.07952033964352637,0.3980843659976466,741
VSX1,634,634,107,107,0.0,0.0,741
VSX2,634,634,107,107,0.0,0.0,741
WT1A,634,634,107,107,0.0,0.0,741
WT1B,634,634,107,107,0.0,0.0,741
WU:FE05A04,627,634,114,107,-0.016017397337368386,0.09142302776359458,741
WU:FE17E08,632,634,109,107,-0.004558281962304301,0.02671733837577941,741
XAF1,641,634,100,107,0.015841516479333677,-0.09761079662642226,741
XBP1,683,634,58,107,0.10740273815068316,-0.883485991273575,741
YBX1,345,634,396,107,-0.877886478473876,1.8878896336784627,741
YY1A,643,634,98,107,0.02033589718853994,-0.12675714228593873,741
YY1B,583,634,158,107,-0.1209869569389109,0.5623137617759559,741
ZBED4,639,634,102,107,0.0113330908075871,-0.06904164442965136,741
ZBTB1,634,634,107,107,0.0,0.0,741
ZBTB10,638,634,103,107,0.009073583625462067,-0.054966459217928566,741
ZBTB11,631,634,110,107,-0.006842835156858206,0.0398927271235125,741
ZBTB12.1,634,634,107,107,0.0,0.0,741
ZBTB12.2,634,634,107,107,0.0,0.0,741
ZBTB14,631,634,110,107,-0.006842835156858206,0.0398927271235125,741
ZBTB16A,634,634,107,107,0.0,0.0,741
ZBTB16B,643,634,98,107,0.02033589718853994,-0.12675714228593873,741
ZBTB17,632,634,109,107,-0.004558281962304301,0.02671733837577941,741
ZBTB18,629,634,112,107,-0.011422823260117992,0.06588793565645701,741
ZBTB20,633,634,108,107,-0.0022773407110659246,0.01342051576232144,741
ZBTB21,634,634,107,107,0.0,0.0,741
ZBTB22B,630,634,111,107,-0.009131011752128378,0.05294887994895902,741
ZBTB24,634,634,107,107,0.0,0.0,741
ZBTB26,630,634,111,107,-0.009131011752128378,0.05294887994895902,741
ZBTB2A,633,634,108,107,-0.0022773407110659246,0.01342051576232144,741
ZBTB2B,634,634,107,107,0.0,0.0,741
ZBTB3,634,634,107,107,0.0,0.0,741
ZBTB32,634,634,107,107,0.0,0.0,741
ZBTB34,634,634,107,107,0.0,0.0,741
ZBTB37,634,634,107,107,0.0,0.0,741
ZBTB38,634,634,107,107,0.0,0.0,741
ZBTB39,632,634,109,107,-0.004558281962304301,0.02671733837577941,741
ZBTB4,634,634,107,107,0.0,0.0,741
ZBTB40,638,634,103,107,0.009073583625462067,-0.054966459217928566,741
ZBTB41,633,634,108,107,-0.0022773407110659246,0.01342051576232144,741
ZBTB42,634,634,107,107,0.0,0.0,741
ZBTB43,636,634,105,107,0.004543925144948079,-0.027221468735024314,741
ZBTB44,634,634,107,107,0.0,0.0,741
ZBTB46,634,634,107,107,0.0,0.0,741
ZBTB47A,634,634,107,107,0.0,0.0,741
ZBTB47B,634,634,107,107,0.0,0.0,741
ZBTB48,625,634,116,107,-0.0206266505899579,0.11651400872642503,741
ZBTB49,638,634,103,107,0.009073583625462067,-0.054966459217928566,741
ZBTB7A,634,634,107,107,0.0,0.0,741
ZBTB7B,634,634,107,107,0.0,0.0,741
ZBTB7C,634,634,107,107,0.0,0.0,741
ZBTB8A,627,634,114,107,-0.016017397337368386,0.09142302776359458,741
ZBTB8B,634,634,107,107,0.0,0.0,741
ZC2HC1A,572,634,169,107,-0.14846769336101776,0.6594124498810374,741
ZEB1A,582,634,159,107,-0.12346368723112346,0.5714159688832084,741
ZEB1B,634,634,107,107,0.0,0.0,741
ZEB2A,593,634,148,107,-0.09645073559340366,0.46798637922780284,741
ZEB2B,634,634,107,107,0.0,0.0,741
ZFAT,634,634,107,107,0.0,0.0,741
ZFHX3,634,634,107,107,0.0,0.0,741
ZFHX4,634,634,107,107,0.0,0.0,741
ZFP64,621,634,120,107,-0.02988957191892581,0.16542360920737145,741
ZFPM1,634,634,107,107,0.0,0.0,741
ZFPM2A,634,634,107,107,0.0,0.0,741
ZFPM2B,635,634,106,107,0.0022737515201209325,-0.01354653183794777,741
ZFX,570,634,171,107,-0.1535209210873033,0.676385528484751,741
ZGC:101130,634,634,107,107,0.0,0.0,741
ZGC:101562,633,634,108,107,-0.0022773407110659246,0.01342051576232144,741
ZGC:110249,629,634,112,107,-0.011422823260117992,0.06588793565645701,741
ZGC:110821,634,634,107,107,0.0,0.0,741
ZGC:112083,636,634,105,107,0.004543925144948079,-0.027221468735024314,741
ZGC:112977,634,634,107,107,0.0,0.0,741
ZGC:112998,634,634,107,107,0.0,0.0,741
ZGC:113019,635,634,106,107,0.0022737515201209325,-0.01354653183794777,741
ZGC:113030,634,634,107,107,0.0,0.0,741
ZGC:113090,635,634,106,107,0.0022737515201209325,-0.01354653183794777,741
ZGC:113102,634,634,107,107,0.0,0.0,741
ZGC:113119,636,634,105,107,0.004543925144948079,-0.027221468735024314,741
ZGC:113176,631,634,110,107,-0.006842835156858206,0.0398927271235125,741
ZGC:113209,572,634,169,107,-0.14846769336101776,0.6594124498810374,741
ZGC:113263,637,634,104,107,0.006810532116893079,-0.04102726826005479,741
ZGC:113294,634,634,107,107,0.0,0.0,741
ZGC:113295,634,634,107,107,0.0,0.0,741
ZGC:113336,633,634,108,107,-0.0022773407110659246,0.01342051576232144,741
ZGC:113343,634,634,107,107,0.0,0.0,741
ZGC:113348,641,634,100,107,0.015841516479333677,-0.09761079662642226,741
ZGC:113364,634,634,107,107,0.0,0.0,741
ZGC:113372,631,634,110,107,-0.006842835156858206,0.0398927271235125,741
ZGC:113377,634,634,107,107,0.0,0.0,741
ZGC:113411,638,634,103,107,0.009073583625462067,-0.054966459217928566,741
ZGC:113424,623,634,118,107,-0.025250677115405396,0.14117606296069418,741
ZGC:113426,634,634,107,107,0.0,0.0,741
ZGC:113443,634,634,107,107,0.0,0.0,741
ZGC:113452,632,634,109,107,-0.004558281962304301,0.02671733837577941,741
ZGC:113518,636,634,105,107,0.004543925144948079,-0.027221468735024314,741
ZGC:113886,617,634,124,107,-0.03921235098998945,0.21272932398572814,741
ZGC:136308,634,634,107,107,0.0,0.0,741
ZGC:152938,635,634,106,107,0.0022737515201209325,-0.01354653183794777,741
ZGC:153116,634,634,107,107,0.0,0.0,741
ZGC:153292,634,634,107,107,0.0,0.0,741
ZGC:153924,634,634,107,107,0.0,0.0,741
ZGC:158291,634,634,107,107,0.0,0.0,741
ZGC:158320,634,634,107,107,0.0,0.0,741
ZGC:161969,595,634,146,107,-0.09159317194410131,0.4483575724788702,741
ZGC:162612,634,634,107,107,0.0,0.0,741
ZGC:162936,642,634,99,107,0.018090456982895763,-0.11211036632153734,741
ZGC:162962,637,634,104,107,0.006810532116893079,-0.04102726826005479,741
ZGC:162971,634,634,107,107,0.0,0.0,741
ZGC:163077,654,634,87,107,0.044807795358675316,-0.29852349055241867,741
ZGC:163143,634,634,107,107,0.0,0.0,741
ZGC:165514,637,634,104,107,0.006810532116893079,-0.04102726826005479,741
ZGC:165515,596,634,145,107,-0.08917050967724562,0.43844210361378755,741
ZGC:171220,634,634,107,107,0.0,0.0,741
ZGC:171422,639,634,102,107,0.0113330908075871,-0.06904164442965136,741
ZGC:171459,643,634,98,107,0.02033589718853994,-0.12675714228593873,741
ZGC:171506,632,634,109,107,-0.004558281962304301,0.02671733837577941,741
ZGC:171551,634,634,107,107,0.0,0.0,741
ZGC:171599,632,634,109,107,-0.004558281962304301,0.02671733837577941,741
ZGC:171673,627,634,114,107,-0.016017397337368386,0.09142302776359458,741
ZGC:171901,646,634,95,107,0.027051324554517794,-0.17161137807019913,741
ZGC:172128,634,634,107,107,0.0,0.0,741
ZGC:173517,630,634,111,107,-0.009131011752128378,0.05294887994895902,741
ZGC:173548,623,634,118,107,-0.025250677115405396,0.14117606296069418,741
ZGC:173575,638,634,103,107,0.009073583625462067,-0.054966459217928566,741
ZGC:173577,645,634,96,107,0.024816320171209057,-0.15650448567999078,741
ZGC:173619,634,634,107,107,0.0,0.0,741
ZGC:173624,637,634,104,107,0.006810532116893079,-0.04102726826005479,741
ZGC:173702,634,634,107,107,0.0,0.0,741
ZGC:173705,633,634,108,107,-0.0022773407110659246,0.01342051576232144,741
ZGC:173714,634,634,107,107,0.0,0.0,741
ZGC:173726,630,634,111,107,-0.009131011752128378,0.05294887994895902,741
ZGC:174224,634,634,107,107,0.0,0.0,741
ZGC:174263,634,634,107,107,0.0,0.0,741
ZGC:174275,616,634,125,107,-0.04155248944450596,0.22431729826094013,741
ZGC:174310,634,634,107,107,0.0,0.0,741
ZGC:174314,638,634,103,107,0.009073583625462067,-0.054966459217928566,741
ZGC:174315,637,634,104,107,0.006810532116893079,-0.04102726826005479,741
ZGC:174573,634,634,107,107,0.0,0.0,741
ZGC:174574,634,634,107,107,0.0,0.0,741
ZGC:174646,634,634,107,107,0.0,0.0,741
ZGC:174650,634,634,107,107,0.0,0.0,741
ZGC:174696,635,634,106,107,0.0022737515201209325,-0.01354653183794777,741
ZGC:174704,634,634,107,107,0.0,0.0,741
ZGC:175107,634,634,107,107,0.0,0.0,741
ZGC:175284,634,634,107,107,0.0,0.0,741
ZGC:193790,629,634,112,107,-0.011422823260117992,0.06588793565645701,741
ZGC:194189,634,634,107,107,0.0,0.0,741
ZGC:194336,634,634,107,107,0.0,0.0,741
ZGC:66443,636,634,105,107,0.004543925144948079,-0.027221468735024314,741
ZGC:66448,641,634,100,107,0.015841516479333677,-0.09761079662642226,741
ZGC:66474,623,634,118,107,-0.025250677115405396,0.14117606296069418,741
ZGC:66483,621,634,120,107,-0.02988957191892581,0.16542360920737145,741
ZGC:77151,632,634,109,107,-0.004558281962304301,0.02671733837577941,741
ZGC:91944,634,634,107,107,0.0,0.0,741
ZGLP1,621,634,120,107,-0.02988957191892581,0.16542360920737145,741
ZHX3,636,634,105,107,0.004543925144948079,-0.027221468735024314,741
ZIC1,636,634,105,107,0.004543925144948079,-0.027221468735024314,741
ZIC2A,637,634,104,107,0.006810532116893079,-0.04102726826005479,741
ZIC2B,586,634,155,107,-0.11358217571715933,0.5346574188730906,741
ZIC3,644,634,97,107,0.022577847975209585,-0.1415541442140193,741
ZIC4,634,634,107,107,0.0,0.0,741
ZIC5,631,634,110,107,-0.006842835156858206,0.0398927271235125,741
ZIC6,634,634,107,107,0.0,0.0,741
ZNF1000,634,634,107,107,0.0,0.0,741
ZNF1003,634,634,107,107,0.0,0.0,741
ZNF1004,629,634,112,107,-0.011422823260117992,0.06588793565645701,741
ZNF1005,636,634,105,107,0.004543925144948079,-0.027221468735024314,741
ZNF1007,632,634,109,107,-0.004558281962304301,0.02671733837577941,741
ZNF1008,635,634,106,107,0.0022737515201209325,-0.01354653183794777,741
ZNF1009,634,634,107,107,0.0,0.0,741
ZNF1010,634,634,107,107,0.0,0.0,741
ZNF1011,634,634,107,107,0.0,0.0,741
ZNF1012,634,634,107,107,0.0,0.0,741
ZNF1014,634,634,107,107,0.0,0.0,741
ZNF1015,634,634,107,107,0.0,0.0,741
ZNF1016,634,634,107,107,0.0,0.0,741
ZNF1017,634,634,107,107,0.0,0.0,741
ZNF1018,634,634,107,107,0.0,0.0,741
ZNF1020,634,634,107,107,0.0,0.0,741
ZNF1021,635,634,106,107,0.0022737515201209325,-0.01354653183794777,741
ZNF1023,634,634,107,107,0.0,0.0,741
ZNF1025,634,634,107,107,0.0,0.0,741
ZNF1026,635,634,106,107,0.0022737515201209325,-0.01354653183794777,741
ZNF1027,634,634,107,107,0.0,0.0,741
ZNF1028,634,634,107,107,0.0,0.0,741
ZNF1030,634,634,107,107,0.0,0.0,741
ZNF1031,634,634,107,107,0.0,0.0,741
ZNF1033,634,634,107,107,0.0,0.0,741
ZNF1034,634,634,107,107,0.0,0.0,741
ZNF1035,641,634,100,107,0.015841516479333677,-0.09761079662642226,741
ZNF1036,634,634,107,107,0.0,0.0,741
ZNF1037,634,634,107,107,0.0,0.0,741
ZNF1038,634,634,107,107,0.0,0.0,741
ZNF1039,635,634,106,107,0.0022737515201209325,-0.01354653183794777,741
ZNF1040,643,634,98,107,0.02033589718853994,-0.12675714228593873,741
ZNF1041,634,634,107,107,0.0,0.0,741
ZNF1042,634,634,107,107,0.0,0.0,741
ZNF1043,634,634,107,107,0.0,0.0,741
ZNF1044,634,634,107,107,0.0,0.0,741
ZNF1045,634,634,107,107,0.0,0.0,741
ZNF1046,634,634,107,107,0.0,0.0,741
ZNF1048,634,634,107,107,0.0,0.0,741
ZNF1049,634,634,107,107,0.0,0.0,741
ZNF1050,634,634,107,107,0.0,0.0,741
ZNF1052,634,634,107,107,0.0,0.0,741
ZNF1055,634,634,107,107,0.0,0.0,741
ZNF1056,634,634,107,107,0.0,0.0,741
ZNF1057,634,634,107,107,0.0,0.0,741
ZNF1058,634,634,107,107,0.0,0.0,741
ZNF1059,635,634,106,107,0.0022737515201209325,-0.01354653183794777,741
ZNF1060,646,634,95,107,0.027051324554517794,-0.17161137807019913,741
ZNF1061,634,634,107,107,0.0,0.0,741
ZNF1062,634,634,107,107,0.0,0.0,741
ZNF1063,636,634,105,107,0.004543925144948079,-0.027221468735024314,741
ZNF1064,634,634,107,107,0.0,0.0,741
ZNF1065,634,634,107,107,0.0,0.0,741
ZNF1066,633,634,108,107,-0.0022773407110659246,0.01342051576232144,741
ZNF1067,629,634,112,107,-0.011422823260117992,0.06588793565645701,741
ZNF1068,635,634,106,107,0.0022737515201209325,-0.01354653183794777,741
ZNF1069,634,634,107,107,0.0,0.0,741
ZNF1070,634,634,107,107,0.0,0.0,741
ZNF1071,635,634,106,107,0.0022737515201209325,-0.01354653183794777,741
ZNF1072,634,634,107,107,0.0,0.0,741
ZNF1073,634,634,107,107,0.0,0.0,741
ZNF1074,634,634,107,107,0.0,0.0,741
ZNF1075,634,634,107,107,0.0,0.0,741
ZNF1076,634,634,107,107,0.0,0.0,741
ZNF1077,633,634,108,107,-0.0022773407110659246,0.01342051576232144,741
ZNF1078,634,634,107,107,0.0,0.0,741
ZNF1079,634,634,107,107,0.0,0.0,741
ZNF1080,633,634,108,107,-0.0022773407110659246,0.01342051576232144,741
ZNF1081,634,634,107,107,0.0,0.0,741
ZNF1082,634,634,107,107,0.0,0.0,741
ZNF1083,634,634,107,107,0.0,0.0,741
ZNF1084,634,634,107,107,0.0,0.0,741
ZNF1085,634,634,107,107,0.0,0.0,741
ZNF1086,634,634,107,107,0.0,0.0,741
ZNF1087,634,634,107,107,0.0,0.0,741
ZNF1088,634,634,107,107,0.0,0.0,741
ZNF1089,634,634,107,107,0.0,0.0,741
ZNF1090,634,634,107,107,0.0,0.0,741
ZNF1091,634,634,107,107,0.0,0.0,741
ZNF1092,634,634,107,107,0.0,0.0,741
ZNF1093,634,634,107,107,0.0,0.0,741
ZNF1094,634,634,107,107,0.0,0.0,741
ZNF1095,633,634,108,107,-0.0022773407110659246,0.01342051576232144,741
ZNF1096,634,634,107,107,0.0,0.0,741
ZNF1097,634,634,107,107,0.0,0.0,741
ZNF1098,634,634,107,107,0.0,0.0,741
ZNF1100,634,634,107,107,0.0,0.0,741
ZNF1101,633,634,108,107,-0.0022773407110659246,0.01342051576232144,741
ZNF1103,634,634,107,107,0.0,0.0,741
ZNF1104,634,634,107,107,0.0,0.0,741
ZNF1105,634,634,107,107,0.0,0.0,741
ZNF1106,634,634,107,107,0.0,0.0,741
ZNF1107,634,634,107,107,0.0,0.0,741
ZNF1108,634,634,107,107,0.0,0.0,741
ZNF1109,634,634,107,107,0.0,0.0,741
ZNF1110,634,634,107,107,0.0,0.0,741
ZNF1111,635,634,106,107,0.0022737515201209325,-0.01354653183794777,741
ZNF1112,633,634,108,107,-0.0022773407110659246,0.01342051576232144,741
ZNF1113,634,634,107,107,0.0,0.0,741
ZNF1114,636,634,105,107,0.004543925144948079,-0.027221468735024314,741
ZNF1115,634,634,107,107,0.0,0.0,741
ZNF1116,634,634,107,107,0.0,0.0,741
ZNF1117,634,634,107,107,0.0,0.0,741
ZNF1118,634,634,107,107,0.0,0.0,741
ZNF1119,633,634,108,107,-0.0022773407110659246,0.01342051576232144,741
ZNF1121,634,634,107,107,0.0,0.0,741
ZNF1122,634,634,107,107,0.0,0.0,741
ZNF1124,634,634,107,107,0.0,0.0,741
ZNF1125,634,634,107,107,0.0,0.0,741
ZNF1126,634,634,107,107,0.0,0.0,741
ZNF1127,634,634,107,107,0.0,0.0,741
ZNF1128,634,634,107,107,0.0,0.0,741
ZNF1129,634,634,107,107,0.0,0.0,741
ZNF1130,632,634,109,107,-0.004558281962304301,0.02671733837577941,741
ZNF1131,616,634,125,107,-0.04155248944450596,0.22431729826094013,741
ZNF1132,634,634,107,107,0.0,0.0,741
ZNF1133,634,634,107,107,0.0,0.0,741
ZNF1135,634,634,107,107,0.0,0.0,741
ZNF1136,634,634,107,107,0.0,0.0,741
ZNF1137,634,634,107,107,0.0,0.0,741
ZNF1139,634,634,107,107,0.0,0.0,741
ZNF1140,636,634,105,107,0.004543925144948079,-0.027221468735024314,741
ZNF1141,634,634,107,107,0.0,0.0,741
ZNF1143,631,634,110,107,-0.006842835156858206,0.0398927271235125,741
ZNF1144,638,634,103,107,0.009073583625462067,-0.054966459217928566,741
ZNF1145,634,634,107,107,0.0,0.0,741
ZNF1146,634,634,107,107,0.0,0.0,741
ZNF1147,634,634,107,107,0.0,0.0,741
ZNF1148,634,634,107,107,0.0,0.0,741
ZNF1149,634,634,107,107,0.0,0.0,741
ZNF131,636,634,105,107,0.004543925144948079,-0.027221468735024314,741
ZNF142,629,634,112,107,-0.011422823260117992,0.06588793565645701,741
ZNF143A,633,634,108,107,-0.0022773407110659246,0.01342051576232144,741
ZNF143B,637,634,104,107,0.006810532116893079,-0.04102726826005479,741
ZNF148,634,634,107,107,0.0,0.0,741
ZNF217,623,634,118,107,-0.025250677115405396,0.14117606296069418,741
ZNF219,634,634,107,107,0.0,0.0,741
ZNF236,634,634,107,107,0.0,0.0,741
ZNF277,633,634,108,107,-0.0022773407110659246,0.01342051576232144,741
ZNF281A,634,634,107,107,0.0,0.0,741
ZNF281B,604,634,137,107,-0.06993429081432839,0.3565650965593798,741
ZNF292A,591,634,150,107,-0.10132470996187483,0.48735170409473394,741
ZNF292B,625,634,116,107,-0.0206266505899579,0.11651400872642503,741
ZNF296,638,634,103,107,0.009073583625462067,-0.054966459217928566,741
ZNF341,634,634,107,107,0.0,0.0,741
ZNF362A,634,634,107,107,0.0,0.0,741
ZNF362B,634,634,107,107,0.0,0.0,741
ZNF366,634,634,107,107,0.0,0.0,741
ZNF367,632,634,109,107,-0.004558281962304301,0.02671733837577941,741
ZNF384,648,634,93,107,0.03151097274521759,-0.2023081752931156,741
ZNF384L,636,634,105,107,0.004543925144948079,-0.027221468735024314,741
ZNF395B,626,634,115,107,-0.018320183206788968,0.10402306454322828,741
ZNF407,634,634,107,107,0.0,0.0,741
ZNF408,634,634,107,107,0.0,0.0,741
ZNF410,635,634,106,107,0.0022737515201209325,-0.01354653183794777,741
ZNF414,635,634,106,107,0.0022737515201209325,-0.01354653183794777,741
ZNF423,638,634,103,107,0.009073583625462067,-0.054966459217928566,741
ZNF438,633,634,108,107,-0.0022773407110659246,0.01342051576232144,741
ZNF45L,629,634,112,107,-0.011422823260117992,0.06588793565645701,741
ZNF507,630,634,111,107,-0.009131011752128378,0.05294887994895902,741
ZNF511,633,634,108,107,-0.0022773407110659246,0.01342051576232144,741
ZNF512,634,634,107,107,0.0,0.0,741
ZNF512B,635,634,106,107,0.0022737515201209325,-0.01354653183794777,741
ZNF516,634,634,107,107,0.0,0.0,741
ZNF521,634,634,107,107,0.0,0.0,741
ZNF526,629,634,112,107,-0.011422823260117992,0.06588793565645701,741
ZNF532,637,634,104,107,0.006810532116893079,-0.04102726826005479,741
ZNF536,634,634,107,107,0.0,0.0,741
ZNF541,633,634,108,107,-0.0022773407110659246,0.01342051576232144,741
ZNF569L,634,634,107,107,0.0,0.0,741
ZNF574,643,634,98,107,0.02033589718853994,-0.12675714228593873,741
ZNF576.1,591,634,150,107,-0.10132470996187483,0.48735170409473394,741
ZNF592,634,634,107,107,0.0,0.0,741
ZNF618,634,634,107,107,0.0,0.0,741
ZNF644B,634,634,107,107,0.0,0.0,741
ZNF648,634,634,107,107,0.0,0.0,741
ZNF652,634,634,107,107,0.0,0.0,741
ZNF653,636,634,105,107,0.004543925144948079,-0.027221468735024314,741
ZNF668,571,634,170,107,-0.15099209477656456,0.6679239497365548,741
ZNF687A,634,634,107,107,0.0,0.0,741
ZNF687B,642,634,99,107,0.018090456982895763,-0.11211036632153734,741
ZNF692,632,634,109,107,-0.004558281962304301,0.02671733837577941,741
ZNF704,635,634,106,107,0.0022737515201209325,-0.01354653183794777,741
ZNF710A,592,634,149,107,-0.09888566451045752,0.4777015340610147,741
ZNF711,634,634,107,107,0.0,0.0,741
ZNF740A,608,634,133,107,-0.060411516695821704,0.31381544910004266,741
ZNF740B,623,634,118,107,-0.025250677115405396,0.14117606296069418,741
ZNF76,623,634,118,107,-0.025250677115405396,0.14117606296069418,741
ZNF770,628,634,113,107,-0.013718281247780323,0.07871197601404076,741
ZNF800A,616,634,125,107,-0.04155248944450596,0.22431729826094013,741
ZNF827,634,634,107,107,0.0,0.0,741
ZNF831,634,634,107,107,0.0,0.0,741
ZNF970,633,634,108,107,-0.0022773407110659246,0.01342051576232144,741
ZNF972,634,634,107,107,0.0,0.0,741
ZNF973,637,634,104,107,0.006810532116893079,-0.04102726826005479,741
ZNF974,634,634,107,107,0.0,0.0,741
ZNF975,634,634,107,107,0.0,0.0,741
ZNF977,634,634,107,107,0.0,0.0,741
ZNF980,631,634,110,107,-0.006842835156858206,0.0398927271235125,741
ZNF982,635,634,106,107,0.0022737515201209325,-0.01354653183794777,741
ZNF983,634,634,107,107,0.0,0.0,741
ZNF985,634,634,107,107,0.0,0.0,741
ZNF986,634,634,107,107,0.0,0.0,741
ZNF987,634,634,107,107,0.0,0.0,741
ZNF988,634,634,107,107,0.0,0.0,741
ZNF989,584,634,157,107,-0.11851447125938995,0.5531537624904801,741
ZNF990,647,634,94,107,0.029282871853100412,-0.18687813472350961,741
ZNF991,631,634,110,107,-0.006842835156858206,0.0398927271235125,741
ZNF992,634,634,107,107,0.0,0.0,741
ZNF993,634,634,107,107,0.0,0.0,741
ZNF994,634,634,107,107,0.0,0.0,741
ZNF995,634,634,107,107,0.0,0.0,741
ZNF996,634,634,107,107,0.0,0.0,741
ZNF997,644,634,97,107,0.022577847975209585,-0.1415541442140193,741
ZNF998,634,634,107,107,0.0,0.0,741
ZNF999,634,634,107,107,0.0,0.0,741
ZNFL2A,636,634,105,107,0.004543925144948079,-0.027221468735024314,741
ZZZ3,650,634,91,107,0.03595687777640969,-0.2336723462024507,741
AADACL4,634,634,107,107,0.0,0.0,741
ABCA1A,634,634,107,107,0.0,0.0,741
ABCC13,634,634,107,107,0.0,0.0,741
ABCC2,634,634,107,107,0.0,0.0,741
ABCC3,634,634,107,107,0.0,0.0,741
ABCC6A,634,634,107,107,0.0,0.0,741
ABCC9,634,634,107,107,0.0,0.0,741
ABCG1,634,634,107,107,0.0,0.0,741
ABHD15B,634,634,107,107,0.0,0.0,741
ABLIM3,634,634,107,107,0.0,0.0,741
ACBD7,634,634,107,107,0.0,0.0,741
ACER2,634,634,107,107,0.0,0.0,741
ACKR3B,631,634,110,107,-0.006842835156858206,0.0398927271235125,741
ACP5A,597,634,144,107,-0.08675190887460218,0.4284580150411653,741
ACTA1A,634,634,107,107,0.0,0.0,741
ACTA1B,634,634,107,107,0.0,0.0,741
ACTC1A,634,634,107,107,0.0,0.0,741
ACTC1B,634,634,107,107,0.0,0.0,741
ACTN1,634,634,107,107,0.0,0.0,741
ACTR3,634,634,107,107,0.0,0.0,741
ACVR2AB,634,634,107,107,0.0,0.0,741
ACYP1,634,634,107,107,0.0,0.0,741
ADAM28,634,634,107,107,0.0,0.0,741
ADAM8A,643,634,98,107,0.02033589718853994,-0.12675714228593873,741
ADAT1,634,634,107,107,0.0,0.0,741
ADGRB1A,634,634,107,107,0.0,0.0,741
ADGRL2B.1,634,634,107,107,0.0,0.0,741
ADMP,284,634,457,107,-1.1585919106347253,2.094583368656923,741
